Fecha;Reservorio;Agua Caída (mm)
01-01-2020;Canutillar;0.00
02-01-2020;Canutillar;0.00
03-01-2020;Canutillar;0.00
04-01-2020;Canutillar;0.00
05-01-2020;Canutillar;28.00
06-01-2020;Canutillar;3.00
07-01-2020;Canutillar;37.00
08-01-2020;Canutillar;53.50
09-01-2020;Canutillar;25.50
10-01-2020;Canutillar;0.00
11-01-2020;Canutillar;0.00
12-01-2020;Canutillar;0.00
13-01-2020;Canutillar;8.00
14-01-2020;Canutillar;13.00
15-01-2020;Canutillar;0.00
16-01-2020;Canutillar;0.00
17-01-2020;Canutillar;0.00
18-01-2020;Canutillar;0.00
19-01-2020;Canutillar;0.00
20-01-2020;Canutillar;0.00
21-01-2020;Canutillar;0.00
22-01-2020;Canutillar;0.00
23-01-2020;Canutillar;0.00
24-01-2020;Canutillar;0.00
25-01-2020;Canutillar;0.00
26-01-2020;Canutillar;0.00
27-01-2020;Canutillar;21.00
28-01-2020;Canutillar;1.00
29-01-2020;Canutillar;0.00
30-01-2020;Canutillar;5.00
31-01-2020;Canutillar;2.00
01-02-2020;Canutillar;15.00
02-02-2020;Canutillar;23.00
03-02-2020;Canutillar;28.00
04-02-2020;Canutillar;13.50
05-02-2020;Canutillar;0.00
06-02-2020;Canutillar;0.00
07-02-2020;Canutillar;0.00
08-02-2020;Canutillar;0.00
09-02-2020;Canutillar;0.00
10-02-2020;Canutillar;0.00
11-02-2020;Canutillar;9.00
12-02-2020;Canutillar;13.50
13-02-2020;Canutillar;0.00
14-02-2020;Canutillar;18.50
15-02-2020;Canutillar;9.50
16-02-2020;Canutillar;0.00
17-02-2020;Canutillar;0.00
18-02-2020;Canutillar;2.00
19-02-2020;Canutillar;0.00
20-02-2020;Canutillar;0.00
21-02-2020;Canutillar;0.00
22-02-2020;Canutillar;0.00
23-02-2020;Canutillar;6.00
24-02-2020;Canutillar;1.00
25-02-2020;Canutillar;0.00
26-02-2020;Canutillar;0.00
27-02-2020;Canutillar;0.00
28-02-2020;Canutillar;0.00
29-02-2020;Canutillar;0.00
01-03-2020;Canutillar;0.00
02-03-2020;Canutillar;0.00
03-03-2020;Canutillar;0.00
04-03-2020;Canutillar;0.00
05-03-2020;Canutillar;0.00
06-03-2020;Canutillar;5.50
07-03-2020;Canutillar;0.00
08-03-2020;Canutillar;0.00
09-03-2020;Canutillar;0.00
10-03-2020;Canutillar;3.00
11-03-2020;Canutillar;2.00
12-03-2020;Canutillar;33.00
13-03-2020;Canutillar;22.50
14-03-2020;Canutillar;0.00
15-03-2020;Canutillar;0.00
16-03-2020;Canutillar;1.50
17-03-2020;Canutillar;0.00
18-03-2020;Canutillar;0.00
19-03-2020;Canutillar;0.00
20-03-2020;Canutillar;0.00
21-03-2020;Canutillar;0.00
22-03-2020;Canutillar;0.00
23-03-2020;Canutillar;59.00
24-03-2020;Canutillar;0.00
25-03-2020;Canutillar;0.00
26-03-2020;Canutillar;0.00
27-03-2020;Canutillar;11.50
28-03-2020;Canutillar;0.00
29-03-2020;Canutillar;0.00
30-03-2020;Canutillar;0.00
31-03-2020;Canutillar;0.00
01-04-2020;Canutillar;0.00
02-04-2020;Canutillar;0.00
03-04-2020;Canutillar;10.50
04-04-2020;Canutillar;4.00
05-04-2020;Canutillar;10.50
06-04-2020;Canutillar;0.00
07-04-2020;Canutillar;0.00
08-04-2020;Canutillar;0.00
09-04-2020;Canutillar;0.00
10-04-2020;Canutillar;6.00
11-04-2020;Canutillar;0.00
12-04-2020;Canutillar;0.00
13-04-2020;Canutillar;0.00
14-04-2020;Canutillar;24.00
15-04-2020;Canutillar;40.00
16-04-2020;Canutillar;70.00
17-04-2020;Canutillar;54.00
18-04-2020;Canutillar;17.00
19-04-2020;Canutillar;6.00
20-04-2020;Canutillar;2.00
21-04-2020;Canutillar;1.00
22-04-2020;Canutillar;0.00
23-04-2020;Canutillar;1.00
24-04-2020;Canutillar;42.00
25-04-2020;Canutillar;11.00
26-04-2020;Canutillar;5.00
27-04-2020;Canutillar;10.00
28-04-2020;Canutillar;5.00
29-04-2020;Canutillar;4.00
30-04-2020;Canutillar;0.00
01-05-2020;Canutillar;25.00
02-05-2020;Canutillar;20.00
03-05-2020;Canutillar;61.00
04-05-2020;Canutillar;11.00
05-05-2020;Canutillar;0.00
06-05-2020;Canutillar;0.00
07-05-2020;Canutillar;0.00
08-05-2020;Canutillar;43.00
09-05-2020;Canutillar;55.00
10-05-2020;Canutillar;35.00
11-05-2020;Canutillar;1.50
12-05-2020;Canutillar;10.00
13-05-2020;Canutillar;11.00
14-05-2020;Canutillar;73.00
15-05-2020;Canutillar;97.50
16-05-2020;Canutillar;10.00
17-05-2020;Canutillar;16.50
18-05-2020;Canutillar;31.00
19-05-2020;Canutillar;3.00
20-05-2020;Canutillar;1.00
21-05-2020;Canutillar;0.00
22-05-2020;Canutillar;0.00
23-05-2020;Canutillar;100.00
24-05-2020;Canutillar;5.00
25-05-2020;Canutillar;0.00
26-05-2020;Canutillar;9.50
27-05-2020;Canutillar;0.00
28-05-2020;Canutillar;2.00
29-05-2020;Canutillar;0.00
30-05-2020;Canutillar;0.00
31-05-2020;Canutillar;0.00
01-06-2020;Canutillar;28.50
02-06-2020;Canutillar;1.00
03-06-2020;Canutillar;0.00
04-06-2020;Canutillar;0.00
05-06-2020;Canutillar;0.00
06-06-2020;Canutillar;25.00
07-06-2020;Canutillar;38.00
08-06-2020;Canutillar;3.00
09-06-2020;Canutillar;72.00
10-06-2020;Canutillar;71.00
11-06-2020;Canutillar;49.00
12-06-2020;Canutillar;8.00
13-06-2020;Canutillar;0.00
14-06-2020;Canutillar;0.00
15-06-2020;Canutillar;8.50
16-06-2020;Canutillar;8.00
17-06-2020;Canutillar;21.00
18-06-2020;Canutillar;33.00
19-06-2020;Canutillar;44.00
20-06-2020;Canutillar;30.00
21-06-2020;Canutillar;13.00
22-06-2020;Canutillar;28.00
23-06-2020;Canutillar;3.00
24-06-2020;Canutillar;9.00
25-06-2020;Canutillar;5.00
26-06-2020;Canutillar;21.00
27-06-2020;Canutillar;9.00
28-06-2020;Canutillar;10.00
29-06-2020;Canutillar;0.00
30-06-2020;Canutillar;14.00
01-07-2020;Canutillar;10.00
02-07-2020;Canutillar;25.00
03-07-2020;Canutillar;19.00
04-07-2020;Canutillar;9.00
05-07-2020;Canutillar;0.00
06-07-2020;Canutillar;0.00
07-07-2020;Canutillar;33.00
08-07-2020;Canutillar;33.00
09-07-2020;Canutillar;65.00
10-07-2020;Canutillar;10.00
11-07-2020;Canutillar;24.00
12-07-2020;Canutillar;2.50
13-07-2020;Canutillar;0.00
14-07-2020;Canutillar;4.50
15-07-2020;Canutillar;15.00
16-07-2020;Canutillar;30.00
17-07-2020;Canutillar;30.00
18-07-2020;Canutillar;38.00
19-07-2020;Canutillar;27.50
20-07-2020;Canutillar;1.00
21-07-2020;Canutillar;0.00
22-07-2020;Canutillar;0.00
23-07-2020;Canutillar;0.00
24-07-2020;Canutillar;12.00
25-07-2020;Canutillar;70.00
26-07-2020;Canutillar;13.50
27-07-2020;Canutillar;3.50
28-07-2020;Canutillar;0.00
29-07-2020;Canutillar;0.00
30-07-2020;Canutillar;4.00
31-07-2020;Canutillar;0.00
01-08-2020;Canutillar;33.00
02-08-2020;Canutillar;0.00
03-08-2020;Canutillar;32.00
04-08-2020;Canutillar;0.00
05-08-2020;Canutillar;27.00
06-08-2020;Canutillar;2.00
07-08-2020;Canutillar;1.00
08-08-2020;Canutillar;36.00
09-08-2020;Canutillar;57.00
10-08-2020;Canutillar;13.00
11-08-2020;Canutillar;8.00
12-08-2020;Canutillar;37.00
13-08-2020;Canutillar;30.00
14-08-2020;Canutillar;25.00
15-08-2020;Canutillar;25.00
16-08-2020;Canutillar;13.00
17-08-2020;Canutillar;2.00
18-08-2020;Canutillar;3.00
19-08-2020;Canutillar;0.00
20-08-2020;Canutillar;0.00
21-08-2020;Canutillar;0.00
22-08-2020;Canutillar;0.00
23-08-2020;Canutillar;16.00
24-08-2020;Canutillar;16.00
25-08-2020;Canutillar;3.00
26-08-2020;Canutillar;4.00
27-08-2020;Canutillar;8.50
28-08-2020;Canutillar;10.00
29-08-2020;Canutillar;10.50
30-08-2020;Canutillar;10.00
31-08-2020;Canutillar;7.50
01-09-2020;Canutillar;4.00
02-09-2020;Canutillar;1.00
03-09-2020;Canutillar;10.00
04-09-2020;Canutillar;0.00
05-09-2020;Canutillar;0.00
06-09-2020;Canutillar;0.00
07-09-2020;Canutillar;1.50
08-09-2020;Canutillar;9.00
09-09-2020;Canutillar;5.50
10-09-2020;Canutillar;47.50
11-09-2020;Canutillar;23.00
12-09-2020;Canutillar;28.00
13-09-2020;Canutillar;3.00
14-09-2020;Canutillar;0.00
15-09-2020;Canutillar;0.00
16-09-2020;Canutillar;8.00
17-09-2020;Canutillar;15.00
18-09-2020;Canutillar;7.00
19-09-2020;Canutillar;0.00
20-09-2020;Canutillar;0.00
21-09-2020;Canutillar;0.00
22-09-2020;Canutillar;0.00
23-09-2020;Canutillar;0.00
24-09-2020;Canutillar;0.00
25-09-2020;Canutillar;0.00
26-09-2020;Canutillar;0.00
27-09-2020;Canutillar;0.00
28-09-2020;Canutillar;0.00
29-09-2020;Canutillar;28.50
30-09-2020;Canutillar;9.50
01-10-2020;Canutillar;2.00
02-10-2020;Canutillar;0.00
03-10-2020;Canutillar;0.00
04-10-2020;Canutillar;0.00
05-10-2020;Canutillar;7.00
06-10-2020;Canutillar;16.00
07-10-2020;Canutillar;14.50
08-10-2020;Canutillar;10.00
09-10-2020;Canutillar;14.00
10-10-2020;Canutillar;0.50
11-10-2020;Canutillar;0.00
12-10-2020;Canutillar;0.00
13-10-2020;Canutillar;1.00
14-10-2020;Canutillar;0.00
15-10-2020;Canutillar;0.00
16-10-2020;Canutillar;0.00
17-10-2020;Canutillar;17.50
18-10-2020;Canutillar;17.00
19-10-2020;Canutillar;2.50
20-10-2020;Canutillar;0.00
21-10-2020;Canutillar;0.00
22-10-2020;Canutillar;0.00
23-10-2020;Canutillar;7.00
24-10-2020;Canutillar;8.50
25-10-2020;Canutillar;3.00
26-10-2020;Canutillar;28.50
27-10-2020;Canutillar;31.00
28-10-2020;Canutillar;2.00
29-10-2020;Canutillar;0.00
30-10-2020;Canutillar;0.00
31-10-2020;Canutillar;0.00
01-11-2020;Canutillar;0.00
02-11-2020;Canutillar;0.00
03-11-2020;Canutillar;10.00
04-11-2020;Canutillar;12.00
05-11-2020;Canutillar;1.00
06-11-2020;Canutillar;0.00
07-11-2020;Canutillar;0.00
08-11-2020;Canutillar;0.00
09-11-2020;Canutillar;0.00
10-11-2020;Canutillar;0.00
11-11-2020;Canutillar;0.00
12-11-2020;Canutillar;0.00
13-11-2020;Canutillar;18.00
14-11-2020;Canutillar;1.00
15-11-2020;Canutillar;0.00
16-11-2020;Canutillar;0.00
17-11-2020;Canutillar;0.00
18-11-2020;Canutillar;0.00
19-11-2020;Canutillar;0.00
20-11-2020;Canutillar;4.00
21-11-2020;Canutillar;4.00
22-11-2020;Canutillar;0.00
23-11-2020;Canutillar;14.50
24-11-2020;Canutillar;30.00
25-11-2020;Canutillar;14.00
26-11-2020;Canutillar;0.00
27-11-2020;Canutillar;24.00
28-11-2020;Canutillar;21.00
29-11-2020;Canutillar;0.00
30-11-2020;Canutillar;0.00
01-12-2020;Canutillar;5.00
02-12-2020;Canutillar;0.00
03-12-2020;Canutillar;0.00
04-12-2020;Canutillar;0.00
05-12-2020;Canutillar;0.00
06-12-2020;Canutillar;0.00
07-12-2020;Canutillar;12.00
08-12-2020;Canutillar;1.00
09-12-2020;Canutillar;0.00
10-12-2020;Canutillar;28.00
11-12-2020;Canutillar;68.00
12-12-2020;Canutillar;14.00
13-12-2020;Canutillar;59.00
14-12-2020;Canutillar;0.00
15-12-2020;Canutillar;0.00
16-12-2020;Canutillar;0.00
17-12-2020;Canutillar;0.00
18-12-2020;Canutillar;5.00
19-12-2020;Canutillar;0.00
20-12-2020;Canutillar;0.00
21-12-2020;Canutillar;0.00
22-12-2020;Canutillar;0.00
23-12-2020;Canutillar;0.00
24-12-2020;Canutillar;14.00
25-12-2020;Canutillar;0.00
26-12-2020;Canutillar;0.00
27-12-2020;Canutillar;0.00
28-12-2020;Canutillar;0.00
29-12-2020;Canutillar;27.00
30-12-2020;Canutillar;2.00
31-12-2020;Canutillar;0.00
01-01-2021;Canutillar;0.00
02-01-2021;Canutillar;0.00
03-01-2021;Canutillar;0.00
04-01-2021;Canutillar;0.00
05-01-2021;Canutillar;0.00
06-01-2021;Canutillar;3.00
07-01-2021;Canutillar;0.00
08-01-2021;Canutillar;0.00
09-01-2021;Canutillar;30.50
10-01-2021;Canutillar;17.50
11-01-2021;Canutillar;1.00
12-01-2021;Canutillar;0.00
13-01-2021;Canutillar;0.00
14-01-2021;Canutillar;10.00
15-01-2021;Canutillar;8.00
16-01-2021;Canutillar;0.00
17-01-2021;Canutillar;0.00
18-01-2021;Canutillar;0.00
19-01-2021;Canutillar;0.00
20-01-2021;Canutillar;0.00
21-01-2021;Canutillar;0.00
22-01-2021;Canutillar;0.00
23-01-2021;Canutillar;0.00
24-01-2021;Canutillar;0.00
25-01-2021;Canutillar;0.00
26-01-2021;Canutillar;0.00
27-01-2021;Canutillar;19.00
28-01-2021;Canutillar;1.00
29-01-2021;Canutillar;0.00
30-01-2021;Canutillar;0.00
31-01-2021;Canutillar;0.00
01-02-2021;Canutillar;0.00
02-02-2021;Canutillar;0.00
03-02-2021;Canutillar;0.00
04-02-2021;Canutillar;0.00
05-02-2021;Canutillar;0.00
06-02-2021;Canutillar;0.00
07-02-2021;Canutillar;0.00
08-02-2021;Canutillar;0.00
09-02-2021;Canutillar;0.00
10-02-2021;Canutillar;0.00
11-02-2021;Canutillar;0.00
12-02-2021;Canutillar;0.00
13-02-2021;Canutillar;0.00
14-02-2021;Canutillar;0.00
15-02-2021;Canutillar;0.00
16-02-2021;Canutillar;0.00
17-02-2021;Canutillar;12.00
18-02-2021;Canutillar;11.50
19-02-2021;Canutillar;0.00
20-02-2021;Canutillar;0.00
21-02-2021;Canutillar;2.00
22-02-2021;Canutillar;0.00
23-02-2021;Canutillar;0.00
24-02-2021;Canutillar;0.00
25-02-2021;Canutillar;0.00
26-02-2021;Canutillar;0.00
27-02-2021;Canutillar;0.00
28-02-2021;Canutillar;0.00
01-03-2021;Canutillar;0.00
02-03-2021;Canutillar;0.00
03-03-2021;Canutillar;0.00
04-03-2021;Canutillar;0.00
05-03-2021;Canutillar;0.00
06-03-2021;Canutillar;23.00
07-03-2021;Canutillar;2.00
08-03-2021;Canutillar;0.00
09-03-2021;Canutillar;22.00
10-03-2021;Canutillar;20.00
11-03-2021;Canutillar;0.00
12-03-2021;Canutillar;0.00
13-03-2021;Canutillar;0.00
14-03-2021;Canutillar;0.00
15-03-2021;Canutillar;0.00
16-03-2021;Canutillar;0.00
17-03-2021;Canutillar;0.00
18-03-2021;Canutillar;0.00
19-03-2021;Canutillar;0.00
20-03-2021;Canutillar;0.00
21-03-2021;Canutillar;0.00
22-03-2021;Canutillar;0.00
23-03-2021;Canutillar;2.00
24-03-2021;Canutillar;0.00
25-03-2021;Canutillar;0.00
26-03-2021;Canutillar;0.00
27-03-2021;Canutillar;0.00
28-03-2021;Canutillar;0.00
29-03-2021;Canutillar;0.00
30-03-2021;Canutillar;0.00
31-03-2021;Canutillar;13.50
01-04-2021;Canutillar;0.00
02-04-2021;Canutillar;0.00
03-04-2021;Canutillar;0.00
04-04-2021;Canutillar;0.00
05-04-2021;Canutillar;8.00
06-04-2021;Canutillar;26.00
07-04-2021;Canutillar;10.00
08-04-2021;Canutillar;18.00
09-04-2021;Canutillar;0.00
10-04-2021;Canutillar;19.00
11-04-2021;Canutillar;25.00
12-04-2021;Canutillar;1.50
13-04-2021;Canutillar;0.00
14-04-2021;Canutillar;9.00
15-04-2021;Canutillar;0.00
16-04-2021;Canutillar;0.00
17-04-2021;Canutillar;0.00
18-04-2021;Canutillar;14.00
19-04-2021;Canutillar;49.00
20-04-2021;Canutillar;13.00
21-04-2021;Canutillar;0.00
22-04-2021;Canutillar;11.00
23-04-2021;Canutillar;0.00
24-04-2021;Canutillar;0.00
25-04-2021;Canutillar;0.00
26-04-2021;Canutillar;0.00
27-04-2021;Canutillar;43.00
28-04-2021;Canutillar;4.00
29-04-2021;Canutillar;8.00
30-04-2021;Canutillar;37.00
01-05-2021;Canutillar;50.00
02-05-2021;Canutillar;11.50
03-05-2021;Canutillar;2.00
04-05-2021;Canutillar;0.00
05-05-2021;Canutillar;0.00
06-05-2021;Canutillar;0.00
07-05-2021;Canutillar;1.00
08-05-2021;Canutillar;8.00
09-05-2021;Canutillar;1.00
10-05-2021;Canutillar;0.00
11-05-2021;Canutillar;0.00
12-05-2021;Canutillar;1.50
13-05-2021;Canutillar;0.50
14-05-2021;Canutillar;1.50
15-05-2021;Canutillar;0.00
16-05-2021;Canutillar;0.00
17-05-2021;Canutillar;0.00
18-05-2021;Canutillar;2.00
19-05-2021;Canutillar;15.00
20-05-2021;Canutillar;4.00
21-05-2021;Canutillar;2.00
22-05-2021;Canutillar;9.00
23-05-2021;Canutillar;36.00
24-05-2021;Canutillar;25.00
25-05-2021;Canutillar;44.00
26-05-2021;Canutillar;85.00
27-05-2021;Canutillar;47.00
28-05-2021;Canutillar;13.00
29-05-2021;Canutillar;15.00
30-05-2021;Canutillar;59.00
31-05-2021;Canutillar;98.00
01-06-2021;Canutillar;0.00
02-06-2021;Canutillar;64.00
03-06-2021;Canutillar;48.00
04-06-2021;Canutillar;23.00
05-06-2021;Canutillar;0.00
06-06-2021;Canutillar;8.50
07-06-2021;Canutillar;17.00
08-06-2021;Canutillar;45.50
09-06-2021;Canutillar;40.00
10-06-2021;Canutillar;63.50
11-06-2021;Canutillar;19.00
12-06-2021;Canutillar;79.00
13-06-2021;Canutillar;1.00
14-06-2021;Canutillar;0.00
15-06-2021;Canutillar;0.00
16-06-2021;Canutillar;0.00
17-06-2021;Canutillar;0.00
18-06-2021;Canutillar;0.00
19-06-2021;Canutillar;0.00
20-06-2021;Canutillar;10.00
21-06-2021;Canutillar;18.50
22-06-2021;Canutillar;61.50
23-06-2021;Canutillar;20.50
24-06-2021;Canutillar;21.00
25-06-2021;Canutillar;0.00
26-06-2021;Canutillar;0.00
27-06-2021;Canutillar;0.00
28-06-2021;Canutillar;0.00
29-06-2021;Canutillar;0.00
30-06-2021;Canutillar;19.00
01-07-2021;Canutillar;16.00
02-07-2021;Canutillar;8.00
03-07-2021;Canutillar;0.00
04-07-2021;Canutillar;0.00
05-07-2021;Canutillar;0.00
06-07-2021;Canutillar;7.00
07-07-2021;Canutillar;32.00
08-07-2021;Canutillar;51.00
09-07-2021;Canutillar;35.00
10-07-2021;Canutillar;4.00
11-07-2021;Canutillar;2.00
12-07-2021;Canutillar;0.00
13-07-2021;Canutillar;0.00
14-07-2021;Canutillar;6.00
15-07-2021;Canutillar;20.50
16-07-2021;Canutillar;17.50
17-07-2021;Canutillar;0.00
18-07-2021;Canutillar;0.00
19-07-2021;Canutillar;13.00
20-07-2021;Canutillar;0.00
21-07-2021;Canutillar;0.00
22-07-2021;Canutillar;14.00
23-07-2021;Canutillar;0.00
24-07-2021;Canutillar;9.50
25-07-2021;Canutillar;0.00
26-07-2021;Canutillar;0.50
27-07-2021;Canutillar;0.00
28-07-2021;Canutillar;0.00
29-07-2021;Canutillar;7.00
30-07-2021;Canutillar;11.00
31-07-2021;Canutillar;0.00
01-08-2021;Canutillar;0.00
02-08-2021;Canutillar;0.00
03-08-2021;Canutillar;0.00
04-08-2021;Canutillar;0.00
05-08-2021;Canutillar;15.00
06-08-2021;Canutillar;17.00
07-08-2021;Canutillar;1.00
08-08-2021;Canutillar;0.00
09-08-2021;Canutillar;0.00
10-08-2021;Canutillar;0.00
11-08-2021;Canutillar;0.00
12-08-2021;Canutillar;0.00
13-08-2021;Canutillar;0.00
14-08-2021;Canutillar;0.00
15-08-2021;Canutillar;28.00
16-08-2021;Canutillar;33.00
17-08-2021;Canutillar;42.00
18-08-2021;Canutillar;20.00
19-08-2021;Canutillar;36.00
20-08-2021;Canutillar;12.00
21-08-2021;Canutillar;44.00
22-08-2021;Canutillar;4.00
23-08-2021;Canutillar;0.00
24-08-2021;Canutillar;30.50
25-08-2021;Canutillar;54.50
26-08-2021;Canutillar;4.50
27-08-2021;Canutillar;27.00
28-08-2021;Canutillar;54.00
29-08-2021;Canutillar;1.00
30-08-2021;Canutillar;12.50
31-08-2021;Canutillar;0.50
01-09-2021;Canutillar;0.00
02-09-2021;Canutillar;0.00
03-09-2021;Canutillar;0.00
04-09-2021;Canutillar;11.50
05-09-2021;Canutillar;20.00
06-09-2021;Canutillar;0.00
07-09-2021;Canutillar;0.00
08-09-2021;Canutillar;0.00
09-09-2021;Canutillar;0.00
10-09-2021;Canutillar;4.50
11-09-2021;Canutillar;54.00
12-09-2021;Canutillar;18.00
13-09-2021;Canutillar;1.50
14-09-2021;Canutillar;2.00
15-09-2021;Canutillar;8.00
16-09-2021;Canutillar;5.00
17-09-2021;Canutillar;4.00
18-09-2021;Canutillar;2.00
19-09-2021;Canutillar;0.00
20-09-2021;Canutillar;0.00
21-09-2021;Canutillar;0.00
22-09-2021;Canutillar;0.00
23-09-2021;Canutillar;0.00
24-09-2021;Canutillar;0.00
25-09-2021;Canutillar;11.00
26-09-2021;Canutillar;0.00
27-09-2021;Canutillar;0.00
28-09-2021;Canutillar;0.00
29-09-2021;Canutillar;16.00
30-09-2021;Canutillar;12.00
01-10-2021;Canutillar;48.00
02-10-2021;Canutillar;6.00
03-10-2021;Canutillar;4.00
04-10-2021;Canutillar;1.00
05-10-2021;Canutillar;0.00
06-10-2021;Canutillar;0.00
07-10-2021;Canutillar;0.00
08-10-2021;Canutillar;0.00
09-10-2021;Canutillar;0.00
10-10-2021;Canutillar;0.00
11-10-2021;Canutillar;0.00
12-10-2021;Canutillar;1.00
13-10-2021;Canutillar;37.00
14-10-2021;Canutillar;7.50
15-10-2021;Canutillar;6.00
16-10-2021;Canutillar;6.00
17-10-2021;Canutillar;0.00
18-10-2021;Canutillar;0.00
19-10-2021;Canutillar;0.00
20-10-2021;Canutillar;3.50
21-10-2021;Canutillar;4.50
22-10-2021;Canutillar;5.00
23-10-2021;Canutillar;4.00
24-10-2021;Canutillar;20.00
25-10-2021;Canutillar;1.50
26-10-2021;Canutillar;0.00
27-10-2021;Canutillar;0.00
28-10-2021;Canutillar;0.00
29-10-2021;Canutillar;0.50
30-10-2021;Canutillar;0.00
31-10-2021;Canutillar;0.00
01-11-2021;Canutillar;0.00
02-11-2021;Canutillar;4.50
03-11-2021;Canutillar;35.00
04-11-2021;Canutillar;0.00
05-11-2021;Canutillar;0.00
06-11-2021;Canutillar;0.00
07-11-2021;Canutillar;0.00
08-11-2021;Canutillar;0.00
09-11-2021;Canutillar;0.00
10-11-2021;Canutillar;2.50
11-11-2021;Canutillar;1.00
12-11-2021;Canutillar;2.50
13-11-2021;Canutillar;21.50
14-11-2021;Canutillar;44.00
15-11-2021;Canutillar;0.50
16-11-2021;Canutillar;0.00
17-11-2021;Canutillar;0.00
18-11-2021;Canutillar;0.00
19-11-2021;Canutillar;0.00
20-11-2021;Canutillar;0.00
21-11-2021;Canutillar;1.00
22-11-2021;Canutillar;0.00
23-11-2021;Canutillar;0.00
24-11-2021;Canutillar;7.00
25-11-2021;Canutillar;0.00
26-11-2021;Canutillar;0.00
27-11-2021;Canutillar;0.00
28-11-2021;Canutillar;0.00
29-11-2021;Canutillar;0.00
30-11-2021;Canutillar;0.00
01-12-2021;Canutillar;5.00
02-12-2021;Canutillar;0.00
03-12-2021;Canutillar;0.00
04-12-2021;Canutillar;0.00
05-12-2021;Canutillar;0.00
06-12-2021;Canutillar;0.00
07-12-2021;Canutillar;6.00
08-12-2021;Canutillar;0.00
09-12-2021;Canutillar;0.00
10-12-2021;Canutillar;0.00
11-12-2021;Canutillar;30.00
12-12-2021;Canutillar;10.00
13-12-2021;Canutillar;0.00
14-12-2021;Canutillar;0.00
15-12-2021;Canutillar;0.00
16-12-2021;Canutillar;0.00
17-12-2021;Canutillar;1.00
18-12-2021;Canutillar;0.00
19-12-2021;Canutillar;0.00
20-12-2021;Canutillar;0.00
21-12-2021;Canutillar;0.00
22-12-2021;Canutillar;0.00
23-12-2021;Canutillar;0.00
24-12-2021;Canutillar;0.00
25-12-2021;Canutillar;0.00
26-12-2021;Canutillar;0.00
27-12-2021;Canutillar;0.00
28-12-2021;Canutillar;0.00
29-12-2021;Canutillar;14.00
30-12-2021;Canutillar;1.00
31-12-2021;Canutillar;28.50
01-01-2022;Canutillar;115.00
02-01-2022;Canutillar;4.50
03-01-2022;Canutillar;27.00
04-01-2022;Canutillar;0.00
05-01-2022;Canutillar;0.00
06-01-2022;Canutillar;0.00
07-01-2022;Canutillar;0.00
08-01-2022;Canutillar;1.00
09-01-2022;Canutillar;0.00
10-01-2022;Canutillar;0.00
11-01-2022;Canutillar;0.00
12-01-2022;Canutillar;0.00
13-01-2022;Canutillar;2.50
14-01-2022;Canutillar;3.50
15-01-2022;Canutillar;7.00
16-01-2022;Canutillar;0.00
17-01-2022;Canutillar;0.00
18-01-2022;Canutillar;0.00
19-01-2022;Canutillar;2.00
20-01-2022;Canutillar;14.00
21-01-2022;Canutillar;3.00
22-01-2022;Canutillar;48.00
23-01-2022;Canutillar;5.50
24-01-2022;Canutillar;0.00
25-01-2022;Canutillar;0.00
26-01-2022;Canutillar;0.00
27-01-2022;Canutillar;0.00
28-01-2022;Canutillar;0.00
29-01-2022;Canutillar;4.50
30-01-2022;Canutillar;0.00
31-01-2022;Canutillar;0.00
01-02-2022;Canutillar;0.00
02-02-2022;Canutillar;1.00
03-02-2022;Canutillar;0.50
04-02-2022;Canutillar;0.00
05-02-2022;Canutillar;0.00
06-02-2022;Canutillar;0.00
07-02-2022;Canutillar;0.00
08-02-2022;Canutillar;1.50
09-02-2022;Canutillar;0.00
10-02-2022;Canutillar;0.00
11-02-2022;Canutillar;0.00
12-02-2022;Canutillar;0.00
13-02-2022;Canutillar;0.00
14-02-2022;Canutillar;0.00
15-02-2022;Canutillar;0.00
16-02-2022;Canutillar;0.00
17-02-2022;Canutillar;0.00
18-02-2022;Canutillar;0.00
19-02-2022;Canutillar;14.00
20-02-2022;Canutillar;1.00
21-02-2022;Canutillar;0.00
22-02-2022;Canutillar;0.00
23-02-2022;Canutillar;10.50
24-02-2022;Canutillar;13.00
25-02-2022;Canutillar;38.00
26-02-2022;Canutillar;25.00
27-02-2022;Canutillar;9.50
28-02-2022;Canutillar;9.50
01-03-2022;Canutillar;15.00
02-03-2022;Canutillar;0.00
03-03-2022;Canutillar;21.00
04-03-2022;Canutillar;2.00
05-03-2022;Canutillar;1.00
06-03-2022;Canutillar;45.50
07-03-2022;Canutillar;0.50
08-03-2022;Canutillar;37.50
09-03-2022;Canutillar;1.00
10-03-2022;Canutillar;0.00
11-03-2022;Canutillar;0.00
12-03-2022;Canutillar;0.00
13-03-2022;Canutillar;0.00
14-03-2022;Canutillar;0.00
15-03-2022;Canutillar;0.00
16-03-2022;Canutillar;19.00
17-03-2022;Canutillar;0.50
18-03-2022;Canutillar;0.00
19-03-2022;Canutillar;1.00
20-03-2022;Canutillar;13.00
21-03-2022;Canutillar;7.00
22-03-2022;Canutillar;19.00
23-03-2022;Canutillar;8.00
24-03-2022;Canutillar;0.00
25-03-2022;Canutillar;0.00
26-03-2022;Canutillar;24.00
27-03-2022;Canutillar;2.00
28-03-2022;Canutillar;51.00
29-03-2022;Canutillar;8.00
30-03-2022;Canutillar;0.00
31-03-2022;Canutillar;0.00
01-04-2022;Canutillar;1.00
02-04-2022;Canutillar;40.00
03-04-2022;Canutillar;1.00
04-04-2022;Canutillar;8.00
05-04-2022;Canutillar;13.50
06-04-2022;Canutillar;16.00
07-04-2022;Canutillar;2.50
08-04-2022;Canutillar;0.00
09-04-2022;Canutillar;21.00
10-04-2022;Canutillar;0.00
11-04-2022;Canutillar;12.00
12-04-2022;Canutillar;0.00
13-04-2022;Canutillar;0.00
14-04-2022;Canutillar;0.00
15-04-2022;Canutillar;0.00
16-04-2022;Canutillar;0.00
17-04-2022;Canutillar;0.00
18-04-2022;Canutillar;0.00
19-04-2022;Canutillar;9.50
20-04-2022;Canutillar;48.00
21-04-2022;Canutillar;48.00
22-04-2022;Canutillar;73.00
23-04-2022;Canutillar;52.00
24-04-2022;Canutillar;40.00
25-04-2022;Canutillar;44.00
26-04-2022;Canutillar;24.00
27-04-2022;Canutillar;20.00
28-04-2022;Canutillar;0.00
29-04-2022;Canutillar;0.00
30-04-2022;Canutillar;0.00
01-05-2022;Canutillar;0.00
02-05-2022;Canutillar;0.00
03-05-2022;Canutillar;5.00
04-05-2022;Canutillar;4.50
05-05-2022;Canutillar;3.00
06-05-2022;Canutillar;0.00
07-05-2022;Canutillar;19.00
08-05-2022;Canutillar;0.00
09-05-2022;Canutillar;0.00
10-05-2022;Canutillar;0.00
11-05-2022;Canutillar;23.50
12-05-2022;Canutillar;13.00
13-05-2022;Canutillar;1.50
14-05-2022;Canutillar;0.00
15-05-2022;Canutillar;0.00
16-05-2022;Canutillar;0.00
17-05-2022;Canutillar;0.00
18-05-2022;Canutillar;0.00
19-05-2022;Canutillar;25.50
20-05-2022;Canutillar;56.00
21-05-2022;Canutillar;86.00
22-05-2022;Canutillar;16.00
23-05-2022;Canutillar;22.00
24-05-2022;Canutillar;18.00
25-05-2022;Canutillar;0.00
26-05-2022;Canutillar;0.00
27-05-2022;Canutillar;0.00
28-05-2022;Canutillar;0.00
29-05-2022;Canutillar;1.00
30-05-2022;Canutillar;0.00
31-05-2022;Canutillar;0.00
01-06-2022;Canutillar;0.00
02-06-2022;Canutillar;0.00
03-06-2022;Canutillar;10.00
04-06-2022;Canutillar;2.00
05-06-2022;Canutillar;73.50
06-06-2022;Canutillar;88.00
07-06-2022;Canutillar;3.00
08-06-2022;Canutillar;38.00
09-06-2022;Canutillar;0.50
10-06-2022;Canutillar;0.00
11-06-2022;Canutillar;0.00
12-06-2022;Canutillar;0.50
13-06-2022;Canutillar;36.00
14-06-2022;Canutillar;2.00
15-06-2022;Canutillar;3.50
16-06-2022;Canutillar;19.00
17-06-2022;Canutillar;2.00
18-06-2022;Canutillar;41.00
19-06-2022;Canutillar;0.00
20-06-2022;Canutillar;0.00
21-06-2022;Canutillar;0.00
22-06-2022;Canutillar;0.00
23-06-2022;Canutillar;0.00
24-06-2022;Canutillar;0.00
25-06-2022;Canutillar;0.00
26-06-2022;Canutillar;0.00
27-06-2022;Canutillar;37.00
28-06-2022;Canutillar;115.00
29-06-2022;Canutillar;8.00
30-06-2022;Canutillar;19.00
01-07-2022;Canutillar;6.50
02-07-2022;Canutillar;32.00
03-07-2022;Canutillar;51.00
04-07-2022;Canutillar;43.00
05-07-2022;Canutillar;22.00
06-07-2022;Canutillar;20.00
07-07-2022;Canutillar;7.50
08-07-2022;Canutillar;24.50
09-07-2022;Canutillar;23.00
10-07-2022;Canutillar;9.50
11-07-2022;Canutillar;30.50
12-07-2022;Canutillar;9.00
13-07-2022;Canutillar;0.00
14-07-2022;Canutillar;0.00
15-07-2022;Canutillar;0.00
16-07-2022;Canutillar;17.00
17-07-2022;Canutillar;19.00
18-07-2022;Canutillar;0.00
19-07-2022;Canutillar;130.00
20-07-2022;Canutillar;60.00
21-07-2022;Canutillar;21.50
22-07-2022;Canutillar;73.00
23-07-2022;Canutillar;26.00
24-07-2022;Canutillar;2.50
25-07-2022;Canutillar;0.00
26-07-2022;Canutillar;0.00
27-07-2022;Canutillar;0.00
28-07-2022;Canutillar;0.00
29-07-2022;Canutillar;0.00
30-07-2022;Canutillar;0.00
31-07-2022;Canutillar;0.00
01-08-2022;Canutillar;0.00
02-08-2022;Canutillar;0.00
03-08-2022;Canutillar;6.00
04-08-2022;Canutillar;1.00
05-08-2022;Canutillar;0.00
06-08-2022;Canutillar;0.00
07-08-2022;Canutillar;0.00
08-08-2022;Canutillar;0.00
09-08-2022;Canutillar;0.00
10-08-2022;Canutillar;0.00
11-08-2022;Canutillar;28.00
12-08-2022;Canutillar;27.00
13-08-2022;Canutillar;36.00
14-08-2022;Canutillar;27.50
15-08-2022;Canutillar;38.50
16-08-2022;Canutillar;27.50
17-08-2022;Canutillar;13.00
18-08-2022;Canutillar;1.00
19-08-2022;Canutillar;1.00
20-08-2022;Canutillar;0.00
21-08-2022;Canutillar;0.00
22-08-2022;Canutillar;23.00
23-08-2022;Canutillar;12.00
24-08-2022;Canutillar;0.00
25-08-2022;Canutillar;2.50
26-08-2022;Canutillar;17.50
27-08-2022;Canutillar;2.00
28-08-2022;Canutillar;0.00
29-08-2022;Canutillar;0.00
30-08-2022;Canutillar;0.00
31-08-2022;Canutillar;1.00
01-09-2022;Canutillar;1.00
02-09-2022;Canutillar;0.00
03-09-2022;Canutillar;0.00
04-09-2022;Canutillar;0.00
05-09-2022;Canutillar;0.00
06-09-2022;Canutillar;18.00
07-09-2022;Canutillar;8.00
08-09-2022;Canutillar;0.00
09-09-2022;Canutillar;0.00
10-09-2022;Canutillar;0.00
11-09-2022;Canutillar;1.50
12-09-2022;Canutillar;0.00
13-09-2022;Canutillar;0.00
14-09-2022;Canutillar;7.00
15-09-2022;Canutillar;80.00
16-09-2022;Canutillar;22.00
17-09-2022;Canutillar;9.00
18-09-2022;Canutillar;4.00
19-09-2022;Canutillar;2.00
20-09-2022;Canutillar;0.00
21-09-2022;Canutillar;18.00
22-09-2022;Canutillar;42.50
23-09-2022;Canutillar;0.00
24-09-2022;Canutillar;0.00
25-09-2022;Canutillar;18.00
26-09-2022;Canutillar;2.00
27-09-2022;Canutillar;0.00
28-09-2022;Canutillar;0.00
29-09-2022;Canutillar;0.00
30-09-2022;Canutillar;0.00
01-10-2022;Canutillar;0.00
02-10-2022;Canutillar;0.00
03-10-2022;Canutillar;10.00
04-10-2022;Canutillar;28.00
05-10-2022;Canutillar;29.00
06-10-2022;Canutillar;48.00
07-10-2022;Canutillar;28.00
08-10-2022;Canutillar;0.00
09-10-2022;Canutillar;0.00
10-10-2022;Canutillar;0.00
11-10-2022;Canutillar;21.00
12-10-2022;Canutillar;16.00
13-10-2022;Canutillar;1.50
14-10-2022;Canutillar;0.00
15-10-2022;Canutillar;0.00
16-10-2022;Canutillar;0.00
17-10-2022;Canutillar;0.00
18-10-2022;Canutillar;0.00
19-10-2022;Canutillar;20.00
20-10-2022;Canutillar;1.00
21-10-2022;Canutillar;0.00
22-10-2022;Canutillar;0.00
23-10-2022;Canutillar;10.00
24-10-2022;Canutillar;0.00
25-10-2022;Canutillar;23.50
26-10-2022;Canutillar;0.00
27-10-2022;Canutillar;55.00
28-10-2022;Canutillar;31.00
29-10-2022;Canutillar;19.00
30-10-2022;Canutillar;0.50
31-10-2022;Canutillar;0.00
01-11-2022;Canutillar;0.00
02-11-2022;Canutillar;0.00
03-11-2022;Canutillar;0.00
04-11-2022;Canutillar;0.00
05-11-2022;Canutillar;0.00
06-11-2022;Canutillar;0.00
07-11-2022;Canutillar;0.00
08-11-2022;Canutillar;0.00
09-11-2022;Canutillar;3.00
10-11-2022;Canutillar;7.50
11-11-2022;Canutillar;10.00
12-11-2022;Canutillar;15.00
13-11-2022;Canutillar;13.00
14-11-2022;Canutillar;14.00
15-11-2022;Canutillar;32.00
16-11-2022;Canutillar;0.50
17-11-2022;Canutillar;0.50
18-11-2022;Canutillar;3.50
19-11-2022;Canutillar;7.00
20-11-2022;Canutillar;0.00
21-11-2022;Canutillar;0.00
22-11-2022;Canutillar;0.00
23-11-2022;Canutillar;2.00
24-11-2022;Canutillar;0.00
25-11-2022;Canutillar;0.00
26-11-2022;Canutillar;0.00
27-11-2022;Canutillar;0.00
28-11-2022;Canutillar;0.00
29-11-2022;Canutillar;0.00
30-11-2022;Canutillar;0.00
01-12-2022;Canutillar;0.00
02-12-2022;Canutillar;11.00
03-12-2022;Canutillar;6.00
04-12-2022;Canutillar;0.00
05-12-2022;Canutillar;9.00
06-12-2022;Canutillar;0.00
07-12-2022;Canutillar;39.00
08-12-2022;Canutillar;18.00
09-12-2022;Canutillar;3.50
10-12-2022;Canutillar;9.00
11-12-2022;Canutillar;7.00
12-12-2022;Canutillar;0.00
13-12-2022;Canutillar;0.00
14-12-2022;Canutillar;3.00
15-12-2022;Canutillar;0.00
16-12-2022;Canutillar;0.00
17-12-2022;Canutillar;0.00
18-12-2022;Canutillar;0.00
19-12-2022;Canutillar;0.00
20-12-2022;Canutillar;0.00
21-12-2022;Canutillar;14.00
22-12-2022;Canutillar;12.00
23-12-2022;Canutillar;0.00
24-12-2022;Canutillar;0.00
25-12-2022;Canutillar;0.00
26-12-2022;Canutillar;0.00
27-12-2022;Canutillar;0.00
28-12-2022;Canutillar;0.00
29-12-2022;Canutillar;0.00
30-12-2022;Canutillar;0.00
31-12-2022;Canutillar;7.00
01-01-2023;Canutillar;0.00
02-01-2023;Canutillar;3.00
03-01-2023;Canutillar;0.00
04-01-2023;Canutillar;0.00
05-01-2023;Canutillar;0.00
06-01-2023;Canutillar;0.00
07-01-2023;Canutillar;0.00
08-01-2023;Canutillar;0.00
09-01-2023;Canutillar;20.00
10-01-2023;Canutillar;0.00
11-01-2023;Canutillar;3.00
12-01-2023;Canutillar;0.00
13-01-2023;Canutillar;0.00
14-01-2023;Canutillar;0.00
15-01-2023;Canutillar;0.00
16-01-2023;Canutillar;0.00
17-01-2023;Canutillar;0.00
18-01-2023;Canutillar;0.00
19-01-2023;Canutillar;0.00
20-01-2023;Canutillar;0.00
21-01-2023;Canutillar;1.00
22-01-2023;Canutillar;0.00
23-01-2023;Canutillar;35.00
24-01-2023;Canutillar;0.00
25-01-2023;Canutillar;2.00
26-01-2023;Canutillar;1.50
27-01-2023;Canutillar;0.00
28-01-2023;Canutillar;0.00
29-01-2023;Canutillar;0.00
30-01-2023;Canutillar;0.00
31-01-2023;Canutillar;0.00
01-02-2023;Canutillar;0.00
02-02-2023;Canutillar;0.00
03-02-2023;Canutillar;0.00
04-02-2023;Canutillar;0.00
05-02-2023;Canutillar;0.00
06-02-2023;Canutillar;0.00
07-02-2023;Canutillar;0.00
08-02-2023;Canutillar;0.00
09-02-2023;Canutillar;22.00
10-02-2023;Canutillar;0.00
11-02-2023;Canutillar;18.00
12-02-2023;Canutillar;2.50
13-02-2023;Canutillar;20.00
14-02-2023;Canutillar;4.00
15-02-2023;Canutillar;0.00
16-02-2023;Canutillar;0.00
17-02-2023;Canutillar;0.00
18-02-2023;Canutillar;0.00
19-02-2023;Canutillar;0.00
20-02-2023;Canutillar;0.00
08-03-2023;Canutillar;0.50
09-03-2023;Canutillar;23.00
10-03-2023;Canutillar;0.50
11-03-2023;Canutillar;7.50
12-03-2023;Canutillar;6.50
13-03-2023;Canutillar;0.00
14-03-2023;Canutillar;57.50
15-03-2023;Canutillar;3.50
17-03-2023;Canutillar;0.00
18-03-2023;Canutillar;0.00
19-03-2023;Canutillar;0.00
20-03-2023;Canutillar;0.00
21-03-2023;Canutillar;0.00
23-03-2023;Canutillar;0.00
24-03-2023;Canutillar;0.00
25-03-2023;Canutillar;0.00
26-03-2023;Canutillar;0.00
27-03-2023;Canutillar;18.50
28-03-2023;Canutillar;26.40
29-03-2023;Canutillar;1.10
30-03-2023;Canutillar;12.00
31-03-2023;Canutillar;0.00
01-04-2023;Canutillar;19.00
02-04-2023;Canutillar;0.00
03-04-2023;Canutillar;0.00
04-04-2023;Canutillar;0.00
05-04-2023;Canutillar;20.50
06-04-2023;Canutillar;0.50
07-04-2023;Canutillar;0.00
08-04-2023;Canutillar;0.00
09-04-2023;Canutillar;7.00
10-04-2023;Canutillar;50.00
11-04-2023;Canutillar;8.00
12-04-2023;Canutillar;0.00
13-04-2023;Canutillar;0.00
14-04-2023;Canutillar;0.00
15-04-2023;Canutillar;0.00
16-04-2023;Canutillar;0.00
17-04-2023;Canutillar;1.00
18-04-2023;Canutillar;9.00
19-04-2023;Canutillar;3.00
20-04-2023;Canutillar;0.00
21-04-2023;Canutillar;3.00
22-04-2023;Canutillar;0.00
23-04-2023;Canutillar;0.00
24-04-2023;Canutillar;0.00
25-04-2023;Canutillar;27.50
26-04-2023;Canutillar;0.50
27-04-2023;Canutillar;6.50
28-04-2023;Canutillar;40.00
29-04-2023;Canutillar;19.50
30-04-2023;Canutillar;21.50
01-05-2023;Canutillar;4.00
02-05-2023;Canutillar;3.00
03-05-2023;Canutillar;0.00
04-05-2023;Canutillar;0.00
05-05-2023;Canutillar;0.00
06-05-2023;Canutillar;0.00
07-05-2023;Canutillar;0.00
08-05-2023;Canutillar;0.00
09-05-2023;Canutillar;0.00
10-05-2023;Canutillar;1.00
11-05-2023;Canutillar;7.50
12-05-2023;Canutillar;15.00
13-05-2023;Canutillar;2.00
14-05-2023;Canutillar;0.00
15-05-2023;Canutillar;1.50
16-05-2023;Canutillar;19.00
17-05-2023;Canutillar;13.00
18-05-2023;Canutillar;9.00
19-05-2023;Canutillar;9.00
20-05-2023;Canutillar;6.00
21-05-2023;Canutillar;33.00
22-05-2023;Canutillar;14.00
23-05-2023;Canutillar;23.00
24-05-2023;Canutillar;25.00
25-05-2023;Canutillar;47.00
26-05-2023;Canutillar;8.00
27-05-2023;Canutillar;0.00
28-05-2023;Canutillar;0.00
29-05-2023;Canutillar;0.00
30-05-2023;Canutillar;15.00
31-05-2023;Canutillar;8.50
01-06-2023;Canutillar;5.00
02-06-2023;Canutillar;11.50
03-06-2023;Canutillar;48.50
04-06-2023;Canutillar;6.00
05-06-2023;Canutillar;93.00
06-06-2023;Canutillar;31.00
07-06-2023;Canutillar;2.00
08-06-2023;Canutillar;57.00
09-06-2023;Canutillar;21.00
10-06-2023;Canutillar;10.00
11-06-2023;Canutillar;1.00
12-06-2023;Canutillar;0.00
13-06-2023;Canutillar;0.00
16-06-2023;Canutillar;0.00
17-06-2023;Canutillar;0.00
18-06-2023;Canutillar;0.00
19-06-2023;Canutillar;0.00
20-06-2023;Canutillar;2.50
21-06-2023;Canutillar;12.00
22-06-2023;Canutillar;65.00
23-06-2023;Canutillar;27.00
24-06-2023;Canutillar;19.00
25-06-2023;Canutillar;23.50
26-06-2023;Canutillar;15.00
27-06-2023;Canutillar;56.00
28-06-2023;Canutillar;2.00
29-06-2023;Canutillar;6.00
30-06-2023;Canutillar;9.00
01-07-2023;Canutillar;5.00
02-07-2023;Canutillar;23.00
03-07-2023;Canutillar;30.00
04-07-2023;Canutillar;40.00
05-07-2023;Canutillar;37.50
06-07-2023;Canutillar;4.50
07-07-2023;Canutillar;0.00
08-07-2023;Canutillar;29.00
09-07-2023;Canutillar;7.50
10-07-2023;Canutillar;0.50
11-07-2023;Canutillar;0.00
12-07-2023;Canutillar;0.00
13-07-2023;Canutillar;11.50
14-07-2023;Canutillar;24.00
15-07-2023;Canutillar;4.00
16-07-2023;Canutillar;0.00
17-07-2023;Canutillar;0.00
18-07-2023;Canutillar;33.50
19-07-2023;Canutillar;16.50
20-07-2023;Canutillar;47.00
21-07-2023;Canutillar;42.50
22-07-2023;Canutillar;5.10
23-07-2023;Canutillar;0.00
24-07-2023;Canutillar;0.00
25-07-2023;Canutillar;28.00
26-07-2023;Canutillar;0.50
27-07-2023;Canutillar;6.50
28-07-2023;Canutillar;0.00
30-07-2023;Canutillar;6.00
31-07-2023;Canutillar;17.50
01-08-2023;Canutillar;19.00
02-08-2023;Canutillar;6.00
03-08-2023;Canutillar;0.00
04-08-2023;Canutillar;0.00
05-08-2023;Canutillar;0.00
06-08-2023;Canutillar;0.00
07-08-2023;Canutillar;0.00
08-08-2023;Canutillar;22.00
09-08-2023;Canutillar;45.00
10-08-2023;Canutillar;25.00
11-08-2023;Canutillar;9.00
12-08-2023;Canutillar;20.00
13-08-2023;Canutillar;87.00
14-08-2023;Canutillar;67.00
15-08-2023;Canutillar;5.00
16-08-2023;Canutillar;17.00
17-08-2023;Canutillar;15.00
18-08-2023;Canutillar;2.00
19-08-2023;Canutillar;15.00
20-08-2023;Canutillar;24.00
21-08-2023;Canutillar;14.00
22-08-2023;Canutillar;18.50
23-08-2023;Canutillar;4.00
24-08-2023;Canutillar;0.00
25-08-2023;Canutillar;0.00
26-08-2023;Canutillar;0.00
27-08-2023;Canutillar;4.50
28-08-2023;Canutillar;16.00
29-08-2023;Canutillar;19.00
30-08-2023;Canutillar;15.00
31-08-2023;Canutillar;35.00
01-09-2023;Canutillar;30.50
02-09-2023;Canutillar;5.50
03-09-2023;Canutillar;3.50
04-09-2023;Canutillar;0.00
05-09-2023;Canutillar;4.00
06-09-2023;Canutillar;40.00
07-09-2023;Canutillar;45.00
08-09-2023;Canutillar;2.00
09-09-2023;Canutillar;17.00
10-09-2023;Canutillar;17.00
11-09-2023;Canutillar;35.00
12-09-2023;Canutillar;9.00
13-09-2023;Canutillar;30.00
14-09-2023;Canutillar;183.00
15-09-2023;Canutillar;54.00
16-09-2023;Canutillar;26.00
17-09-2023;Canutillar;11.00
18-09-2023;Canutillar;0.00
19-09-2023;Canutillar;0.00
20-09-2023;Canutillar;4.00
21-09-2023;Canutillar;1.50
22-09-2023;Canutillar;8.00
23-09-2023;Canutillar;0.00
24-09-2023;Canutillar;0.00
25-09-2023;Canutillar;0.00
26-09-2023;Canutillar;0.00
27-09-2023;Canutillar;17.00
28-09-2023;Canutillar;4.50
29-09-2023;Canutillar;0.00
30-09-2023;Canutillar;0.00
01-10-2023;Canutillar;3.00
02-10-2023;Canutillar;4.50
03-10-2023;Canutillar;0.00
04-10-2023;Canutillar;0.00
05-10-2023;Canutillar;6.00
06-10-2023;Canutillar;11.50
07-10-2023;Canutillar;0.00
08-10-2023;Canutillar;4.50
09-10-2023;Canutillar;7.00
10-10-2023;Canutillar;3.50
11-10-2023;Canutillar;0.00
12-10-2023;Canutillar;0.00
13-10-2023;Canutillar;0.00
14-10-2023;Canutillar;0.00
15-10-2023;Canutillar;0.00
16-10-2023;Canutillar;0.00
17-10-2023;Canutillar;0.00
18-10-2023;Canutillar;0.00
19-10-2023;Canutillar;0.00
20-10-2023;Canutillar;0.00
21-10-2023;Canutillar;0.00
22-10-2023;Canutillar;0.00
23-10-2023;Canutillar;0.00
24-10-2023;Canutillar;0.00
25-10-2023;Canutillar;0.00
26-10-2023;Canutillar;0.00
27-10-2023;Canutillar;30.00
28-10-2023;Canutillar;46.00
29-10-2023;Canutillar;36.00
30-10-2023;Canutillar;32.50
31-10-2023;Canutillar;0.00
01-11-2023;Canutillar;0.00
02-11-2023;Canutillar;0.00
03-11-2023;Canutillar;0.00
04-11-2023;Canutillar;1.00
05-11-2023;Canutillar;0.00
06-11-2023;Canutillar;55.00
07-11-2023;Canutillar;14.00
08-11-2023;Canutillar;1.50
09-11-2023;Canutillar;0.00
10-11-2023;Canutillar;1.00
11-11-2023;Canutillar;29.00
12-11-2023;Canutillar;5.00
13-11-2023;Canutillar;19.00
14-11-2023;Canutillar;0.50
15-11-2023;Canutillar;19.00
16-11-2023;Canutillar;99.50
17-11-2023;Canutillar;34.00
18-11-2023;Canutillar;39.00
19-11-2023;Canutillar;18.50
20-11-2023;Canutillar;21.00
21-11-2023;Canutillar;4.00
22-11-2023;Canutillar;4.50
23-11-2023;Canutillar;0.00
24-11-2023;Canutillar;0.00
25-11-2023;Canutillar;0.00
26-11-2023;Canutillar;0.00
27-11-2023;Canutillar;0.00
28-11-2023;Canutillar;4.50
29-11-2023;Canutillar;4.50
30-11-2023;Canutillar;0.50
01-12-2023;Canutillar;8.50
02-12-2023;Canutillar;12.00
03-12-2023;Canutillar;0.00
04-12-2023;Canutillar;0.00
05-12-2023;Canutillar;0.00
06-12-2023;Canutillar;0.00
07-12-2023;Canutillar;0.00
08-12-2023;Canutillar;0.00
09-12-2023;Canutillar;0.00
10-12-2023;Canutillar;0.00
11-12-2023;Canutillar;10.00
12-12-2023;Canutillar;0.00
13-12-2023;Canutillar;0.00
14-12-2023;Canutillar;0.00
15-12-2023;Canutillar;0.00
16-12-2023;Canutillar;31.00
17-12-2023;Canutillar;4.00
18-12-2023;Canutillar;0.00
19-12-2023;Canutillar;0.00
20-12-2023;Canutillar;0.00
21-12-2023;Canutillar;0.00
22-12-2023;Canutillar;0.00
23-12-2023;Canutillar;0.00
24-12-2023;Canutillar;0.00
25-12-2023;Canutillar;0.00
26-12-2023;Canutillar;0.00
27-12-2023;Canutillar;0.00
28-12-2023;Canutillar;0.00
29-12-2023;Canutillar;0.00
30-12-2023;Canutillar;0.00
31-12-2023;Canutillar;0.00
01-01-2024;Canutillar;0.00
02-01-2024;Canutillar;0.00
03-01-2024;Canutillar;0.00
04-01-2024;Canutillar;0.00
05-01-2024;Canutillar;38.00
06-01-2024;Canutillar;1.00
07-01-2024;Canutillar;9.00
08-01-2024;Canutillar;1.00
09-01-2024;Canutillar;0.00
10-01-2024;Canutillar;0.00
11-01-2024;Canutillar;0.00
12-01-2024;Canutillar;0.00
13-01-2024;Canutillar;2.50
14-01-2024;Canutillar;3.00
15-01-2024;Canutillar;0.00
16-01-2024;Canutillar;0.00
17-01-2024;Canutillar;0.00
18-01-2024;Canutillar;0.00
19-01-2024;Canutillar;0.00
20-01-2024;Canutillar;0.00
21-01-2024;Canutillar;0.00
22-01-2024;Canutillar;0.00
23-01-2024;Canutillar;0.00
24-01-2024;Canutillar;0.00
25-01-2024;Canutillar;0.00
26-01-2024;Canutillar;0.00
27-01-2024;Canutillar;0.50
28-01-2024;Canutillar;0.00
29-01-2024;Canutillar;0.00
30-01-2024;Canutillar;0.00
31-01-2024;Canutillar;0.00
01-02-2024;Canutillar;0.00
02-02-2024;Canutillar;4.50
03-02-2024;Canutillar;0.00
04-02-2024;Canutillar;0.00
05-02-2024;Canutillar;2.00
06-02-2024;Canutillar;5.00
07-02-2024;Canutillar;0.50
08-02-2024;Canutillar;0.00
09-02-2024;Canutillar;0.00
10-02-2024;Canutillar;4.00
11-02-2024;Canutillar;0.50
12-02-2024;Canutillar;0.00
13-02-2024;Canutillar;0.00
14-02-2024;Canutillar;0.00
15-02-2024;Canutillar;0.00
16-02-2024;Canutillar;1.00
17-02-2024;Canutillar;0.00
18-02-2024;Canutillar;0.00
19-02-2024;Canutillar;0.00
20-02-2024;Canutillar;0.00
21-02-2024;Canutillar;20.00
22-02-2024;Canutillar;6.00
23-02-2024;Canutillar;0.00
25-02-2024;Canutillar;0.00
26-02-2024;Canutillar;0.00
27-02-2024;Canutillar;11.00
28-02-2024;Canutillar;2.00
29-02-2024;Canutillar;0.00
01-03-2024;Canutillar;0.00
02-03-2024;Canutillar;0.00
03-03-2024;Canutillar;0.00
04-03-2024;Canutillar;0.00
05-03-2024;Canutillar;0.00
06-03-2024;Canutillar;0.00
07-03-2024;Canutillar;0.00
08-03-2024;Canutillar;28.00
09-03-2024;Canutillar;3.00
10-03-2024;Canutillar;1.50
11-03-2024;Canutillar;14.00
12-03-2024;Canutillar;14.00
13-03-2024;Canutillar;34.00
14-03-2024;Canutillar;1.50
15-03-2024;Canutillar;12.00
16-03-2024;Canutillar;5.00
17-03-2024;Canutillar;3.00
18-03-2024;Canutillar;0.00
19-03-2024;Canutillar;53.50
20-03-2024;Canutillar;8.50
21-03-2024;Canutillar;0.00
22-03-2024;Canutillar;25.50
23-03-2024;Canutillar;14.00
24-03-2024;Canutillar;0.00
25-03-2024;Canutillar;1.50
26-03-2024;Canutillar;18.00
27-03-2024;Canutillar;0.00
28-03-2024;Canutillar;2.00
29-03-2024;Canutillar;2.00
30-03-2024;Canutillar;1.00
31-03-2024;Canutillar;0.00
01-04-2024;Canutillar;0.00
02-04-2024;Canutillar;45.50
03-04-2024;Canutillar;8.00
04-04-2024;Canutillar;10.50
05-04-2024;Canutillar;0.00
06-04-2024;Canutillar;3.50
07-04-2024;Canutillar;42.50
08-04-2024;Canutillar;37.50
09-04-2024;Canutillar;0.00
10-04-2024;Canutillar;0.00
11-04-2024;Canutillar;0.00
12-04-2024;Canutillar;0.00
13-04-2024;Canutillar;0.00
14-04-2024;Canutillar;0.00
15-04-2024;Canutillar;4.50
16-04-2024;Canutillar;9.50
17-04-2024;Canutillar;0.00
18-04-2024;Canutillar;17.00
19-04-2024;Canutillar;15.00
20-04-2024;Canutillar;0.00
21-04-2024;Canutillar;0.00
22-04-2024;Canutillar;15.00
23-04-2024;Canutillar;0.00
24-04-2024;Canutillar;26.00
25-04-2024;Canutillar;37.50
26-04-2024;Canutillar;15.00
27-04-2024;Canutillar;11.00
28-04-2024;Canutillar;14.00
29-04-2024;Canutillar;59.10
30-04-2024;Canutillar;10.90
01-05-2024;Canutillar;8.50
02-05-2024;Canutillar;0.00
03-05-2024;Canutillar;44.50
04-05-2024;Canutillar;26.50
05-05-2024;Canutillar;19.50
06-05-2024;Canutillar;35.00
07-05-2024;Canutillar;13.00
08-05-2024;Canutillar;20.00
09-05-2024;Canutillar;11.00
10-05-2024;Canutillar;1.50
11-05-2024;Canutillar;0.00
12-05-2024;Canutillar;0.00
13-05-2024;Canutillar;0.00
14-05-2024;Canutillar;0.00
15-05-2024;Canutillar;0.00
16-05-2024;Canutillar;0.00
17-05-2024;Canutillar;0.00
18-05-2024;Canutillar;0.00
19-05-2024;Canutillar;30.00
20-05-2024;Canutillar;35.00
21-05-2024;Canutillar;29.00
22-05-2024;Canutillar;0.50
23-05-2024;Canutillar;0.00
24-05-2024;Canutillar;0.00
25-05-2024;Canutillar;0.00
26-05-2024;Canutillar;0.00
27-05-2024;Canutillar;1.00
28-05-2024;Canutillar;9.00
29-05-2024;Canutillar;0.00
30-05-2024;Canutillar;0.00
31-05-2024;Canutillar;30.50
01-06-2024;Canutillar;19.00
02-06-2024;Canutillar;0.00
03-06-2024;Canutillar;2.50
04-06-2024;Canutillar;8.00
05-06-2024;Canutillar;9.50
06-06-2024;Canutillar;18.00
07-06-2024;Canutillar;2.50
08-06-2024;Canutillar;35.00
09-06-2024;Canutillar;34.00
10-06-2024;Canutillar;42.00
11-06-2024;Canutillar;6.50
12-06-2024;Canutillar;35.50
13-06-2024;Canutillar;42.00
14-06-2024;Canutillar;6.50
15-06-2024;Canutillar;0.00
16-06-2024;Canutillar;3.00
17-06-2024;Canutillar;15.50
18-06-2024;Canutillar;18.00
19-06-2024;Canutillar;5.00
20-06-2024;Canutillar;61.00
21-06-2024;Canutillar;18.00
22-06-2024;Canutillar;17.00
23-06-2024;Canutillar;4.00
24-06-2024;Canutillar;0.00
25-06-2024;Canutillar;34.00
26-06-2024;Canutillar;121.00
27-06-2024;Canutillar;43.50
28-06-2024;Canutillar;6.00
29-06-2024;Canutillar;0.50
30-06-2024;Canutillar;30.00
01-07-2024;Canutillar;40.00
02-07-2024;Canutillar;15.00
03-07-2024;Canutillar;20.00
04-07-2024;Canutillar;5.00
05-07-2024;Canutillar;0.00
06-07-2024;Canutillar;0.00
07-07-2024;Canutillar;0.00
08-07-2024;Canutillar;0.00
09-07-2024;Canutillar;0.00
10-07-2024;Canutillar;0.00
11-07-2024;Canutillar;0.00
12-07-2024;Canutillar;0.00
13-07-2024;Canutillar;0.00
14-07-2024;Canutillar;0.00
15-07-2024;Canutillar;15.00
16-07-2024;Canutillar;0.50
17-07-2024;Canutillar;36.50
18-07-2024;Canutillar;7.00
19-07-2024;Canutillar;0.00
20-07-2024;Canutillar;0.00
21-07-2024;Canutillar;0.00
22-07-2024;Canutillar;0.00
23-07-2024;Canutillar;0.00
24-07-2024;Canutillar;7.00
25-07-2024;Canutillar;20.00
26-07-2024;Canutillar;29.50
27-07-2024;Canutillar;9.00
28-07-2024;Canutillar;0.00
29-07-2024;Canutillar;0.00
30-07-2024;Canutillar;0.00
31-07-2024;Canutillar;36.00
01-08-2024;Canutillar;82.00
02-08-2024;Canutillar;31.00
03-08-2024;Canutillar;26.00
04-08-2024;Canutillar;13.00
05-08-2024;Canutillar;15.00
06-08-2024;Canutillar;0.00
07-08-2024;Canutillar;0.00
08-08-2024;Canutillar;0.00
09-08-2024;Canutillar;20.00
10-08-2024;Canutillar;25.50
11-08-2024;Canutillar;0.50
12-08-2024;Canutillar;0.00
13-08-2024;Canutillar;32.00
14-08-2024;Canutillar;11.00
15-08-2024;Canutillar;3.00
16-08-2024;Canutillar;4.00
17-08-2024;Canutillar;1.00
18-08-2024;Canutillar;0.00
19-08-2024;Canutillar;0.00
20-08-2024;Canutillar;0.00
21-08-2024;Canutillar;0.50
22-08-2024;Canutillar;0.00
23-08-2024;Canutillar;2.50
24-08-2024;Canutillar;0.00
25-08-2024;Canutillar;8.50
26-08-2024;Canutillar;9.50
27-08-2024;Canutillar;0.00
28-08-2024;Canutillar;0.00
29-08-2024;Canutillar;0.00
30-08-2024;Canutillar;0.00
31-08-2024;Canutillar;0.00
01-09-2024;Canutillar;23.00
02-09-2024;Canutillar;19.50
03-09-2024;Canutillar;26.50
04-09-2024;Canutillar;3.00
05-09-2024;Canutillar;27.50
06-09-2024;Canutillar;0.00
07-09-2024;Canutillar;4.00
08-09-2024;Canutillar;1.00
09-09-2024;Canutillar;27.50
10-09-2024;Canutillar;7.50
11-09-2024;Canutillar;1.00
12-09-2024;Canutillar;1.00
13-09-2024;Canutillar;9.00
14-09-2024;Canutillar;2.00
15-09-2024;Canutillar;1.00
16-09-2024;Canutillar;0.00
17-09-2024;Canutillar;0.00
18-09-2024;Canutillar;2.00
19-09-2024;Canutillar;20.00
20-09-2024;Canutillar;22.00
21-09-2024;Canutillar;24.50
22-09-2024;Canutillar;34.00
23-09-2024;Canutillar;0.00
24-09-2024;Canutillar;19.00
25-09-2024;Canutillar;1.00
26-09-2024;Canutillar;0.00
27-09-2024;Canutillar;16.00
28-09-2024;Canutillar;20.00
29-09-2024;Canutillar;65.00
30-09-2024;Canutillar;23.50
01-10-2024;Canutillar;2.50
02-10-2024;Canutillar;3.00
03-10-2024;Canutillar;0.00
04-10-2024;Canutillar;0.00
05-10-2024;Canutillar;0.00
06-10-2024;Canutillar;0.00
07-10-2024;Canutillar;0.00
08-10-2024;Canutillar;0.00
09-10-2024;Canutillar;0.00
10-10-2024;Canutillar;22.50
11-10-2024;Canutillar;7.00
12-10-2024;Canutillar;4.00
13-10-2024;Canutillar;0.00
14-10-2024;Canutillar;0.00
15-10-2024;Canutillar;0.00
16-10-2024;Canutillar;7.00
17-10-2024;Canutillar;3.00
18-10-2024;Canutillar;0.00
19-10-2024;Canutillar;0.00
20-10-2024;Canutillar;3.00
21-10-2024;Canutillar;1.00
22-10-2024;Canutillar;0.00
23-10-2024;Canutillar;0.00
24-10-2024;Canutillar;6.00
25-10-2024;Canutillar;2.50
26-10-2024;Canutillar;0.00
27-10-2024;Canutillar;0.00
28-10-2024;Canutillar;0.00
29-10-2024;Canutillar;0.00
30-10-2024;Canutillar;0.00
31-10-2024;Canutillar;0.00
01-11-2024;Canutillar;23.00
02-11-2024;Canutillar;0.50
03-11-2024;Canutillar;37.50
04-11-2024;Canutillar;15.00
05-11-2024;Canutillar;36.00
06-11-2024;Canutillar;0.00
07-11-2024;Canutillar;0.00
08-11-2024;Canutillar;44.00
09-11-2024;Canutillar;16.00
10-11-2024;Canutillar;18.00
11-11-2024;Canutillar;3.00
12-11-2024;Canutillar;0.00
13-11-2024;Canutillar;3.00
14-11-2024;Canutillar;39.00
15-11-2024;Canutillar;21.00
16-11-2024;Canutillar;3.00
17-11-2024;Canutillar;0.00
18-11-2024;Canutillar;0.00
19-11-2024;Canutillar;0.00
20-11-2024;Canutillar;0.00
21-11-2024;Canutillar;0.00
22-11-2024;Canutillar;0.00
23-11-2024;Canutillar;22.50
24-11-2024;Canutillar;13.00
25-11-2024;Canutillar;28.00
26-11-2024;Canutillar;12.00
27-11-2024;Canutillar;2.50
28-11-2024;Canutillar;1.00
29-11-2024;Canutillar;0.00
30-11-2024;Canutillar;0.00
01-12-2024;Canutillar;9.00
02-12-2024;Canutillar;0.00
03-12-2024;Canutillar;0.00
04-12-2024;Canutillar;2.00
05-12-2024;Canutillar;28.50
06-12-2024;Canutillar;1.00
07-12-2024;Canutillar;0.00
08-12-2024;Canutillar;0.00
09-12-2024;Canutillar;0.00
10-12-2024;Canutillar;0.00
11-12-2024;Canutillar;0.00
12-12-2024;Canutillar;0.50
13-12-2024;Canutillar;0.00
14-12-2024;Canutillar;0.00
15-12-2024;Canutillar;0.00
16-12-2024;Canutillar;0.00
17-12-2024;Canutillar;0.00
18-12-2024;Canutillar;2.00
19-12-2024;Canutillar;46.00
20-12-2024;Canutillar;0.00
21-12-2024;Canutillar;0.00
22-12-2024;Canutillar;0.00
23-12-2024;Canutillar;0.00
24-12-2024;Canutillar;0.00
25-12-2024;Canutillar;0.00
26-12-2024;Canutillar;0.00
27-12-2024;Canutillar;0.00
28-12-2024;Canutillar;0.00
29-12-2024;Canutillar;0.00
30-12-2024;Canutillar;20.00
31-12-2024;Canutillar;2.00
01-01-2025;Canutillar;0.00
02-01-2025;Canutillar;0.00
03-01-2025;Canutillar;0.00
04-01-2025;Canutillar;0.00
05-01-2025;Canutillar;0.00
06-01-2025;Canutillar;0.00
07-01-2025;Canutillar;0.00
08-01-2025;Canutillar;0.50
09-01-2025;Canutillar;0.00
10-01-2025;Canutillar;0.00
11-01-2025;Canutillar;0.00
12-01-2025;Canutillar;0.00
13-01-2025;Canutillar;0.00
14-01-2025;Canutillar;8.00
15-01-2025;Canutillar;2.00
16-01-2025;Canutillar;0.00
17-01-2025;Canutillar;0.00
18-01-2025;Canutillar;0.00
19-01-2025;Canutillar;0.00
20-01-2025;Canutillar;0.00
21-01-2025;Canutillar;0.00
22-01-2025;Canutillar;8.00
23-01-2025;Canutillar;15.00
24-01-2025;Canutillar;3.50
25-01-2025;Canutillar;0.00
26-01-2025;Canutillar;8.50
27-01-2025;Canutillar;0.00
28-01-2025;Canutillar;0.00
29-01-2025;Canutillar;0.00
30-01-2025;Canutillar;0.50
31-01-2025;Canutillar;2.00
01-02-2025;Canutillar;0.00
02-02-2025;Canutillar;10.00
03-02-2025;Canutillar;1.00
04-02-2025;Canutillar;0.00
05-02-2025;Canutillar;3.00
06-02-2025;Canutillar;0.50
07-02-2025;Canutillar;0.00
08-02-2025;Canutillar;0.00
09-02-2025;Canutillar;3.00
10-02-2025;Canutillar;1.00
11-02-2025;Canutillar;0.00
12-02-2025;Canutillar;0.00
13-02-2025;Canutillar;0.00
14-02-2025;Canutillar;0.00
15-02-2025;Canutillar;0.00
16-02-2025;Canutillar;0.00
17-02-2025;Canutillar;0.00
18-02-2025;Canutillar;0.00
19-02-2025;Canutillar;0.00
20-02-2025;Canutillar;0.00
21-02-2025;Canutillar;0.00
22-02-2025;Canutillar;44.00
23-02-2025;Canutillar;21.50
24-02-2025;Canutillar;0.00
25-02-2025;Canutillar;0.00
26-02-2025;Canutillar;0.00
27-02-2025;Canutillar;4.00
28-02-2025;Canutillar;8.00
01-03-2025;Canutillar;0.00
02-03-2025;Canutillar;18.00
03-03-2025;Canutillar;1.00
04-03-2025;Canutillar;15.00
05-03-2025;Canutillar;7.00
06-03-2025;Canutillar;39.00
07-03-2025;Canutillar;11.50
08-03-2025;Canutillar;9.00
09-03-2025;Canutillar;13.50
10-03-2025;Canutillar;8.50
11-03-2025;Canutillar;2.50
12-03-2025;Canutillar;0.00
13-03-2025;Canutillar;0.00
14-03-2025;Canutillar;0.00
15-03-2025;Canutillar;0.00
16-03-2025;Canutillar;0.00
17-03-2025;Canutillar;0.00
18-03-2025;Canutillar;0.00
19-03-2025;Canutillar;0.00
20-03-2025;Canutillar;0.00
21-03-2025;Canutillar;0.00
22-03-2025;Canutillar;0.00
23-03-2025;Canutillar;0.00
24-03-2025;Canutillar;0.00
25-03-2025;Canutillar;0.00
26-03-2025;Canutillar;0.00
27-03-2025;Canutillar;1.00
28-03-2025;Canutillar;5.50
29-03-2025;Canutillar;8.00
30-03-2025;Canutillar;26.50
31-03-2025;Canutillar;2.50
01-04-2025;Canutillar;0.00
02-04-2025;Canutillar;19.00
03-04-2025;Canutillar;0.00
04-04-2025;Canutillar;0.00
05-04-2025;Canutillar;0.00
06-04-2025;Canutillar;0.00
07-04-2025;Canutillar;0.00
08-04-2025;Canutillar;0.00
09-04-2025;Canutillar;12.00
10-04-2025;Canutillar;9.00
11-04-2025;Canutillar;21.00
12-04-2025;Canutillar;0.00
13-04-2025;Canutillar;3.50
14-04-2025;Canutillar;15.00
15-04-2025;Canutillar;0.00
16-04-2025;Canutillar;21.50
17-04-2025;Canutillar;15.00
18-04-2025;Canutillar;1.00
19-04-2025;Canutillar;0.00
20-04-2025;Canutillar;44.00
21-04-2025;Canutillar;28.50
22-04-2025;Canutillar;50.00
23-04-2025;Canutillar;0.00
24-04-2025;Canutillar;42.50
25-04-2025;Canutillar;25.00
26-04-2025;Canutillar;27.00
27-04-2025;Canutillar;0.00
28-04-2025;Canutillar;0.00
29-04-2025;Canutillar;0.50
30-04-2025;Canutillar;13.00
01-05-2025;Canutillar;13.50
02-05-2025;Canutillar;27.50
03-05-2025;Canutillar;35.00
04-05-2025;Canutillar;1.00
05-05-2025;Canutillar;0.00
06-05-2025;Canutillar;26.00
07-05-2025;Canutillar;54.00
08-05-2025;Canutillar;41.00
09-05-2025;Canutillar;11.00
10-05-2025;Canutillar;2.50
11-05-2025;Canutillar;0.00
12-05-2025;Canutillar;0.00
13-05-2025;Canutillar;30.00
14-05-2025;Canutillar;6.50
15-05-2025;Canutillar;12.50
16-05-2025;Canutillar;45.00
17-05-2025;Canutillar;36.00
18-05-2025;Canutillar;7.00
19-05-2025;Canutillar;37.50
20-05-2025;Canutillar;1.00
21-05-2025;Canutillar;16.50
22-05-2025;Canutillar;0.00
23-05-2025;Canutillar;5.50
24-05-2025;Canutillar;0.00
25-05-2025;Canutillar;32.00
26-05-2025;Canutillar;14.50
27-05-2025;Canutillar;1.50
28-05-2025;Canutillar;0.00
29-05-2025;Canutillar;15.00
30-05-2025;Canutillar;5.00
31-05-2025;Canutillar;0.00
01-06-2025;Canutillar;40.00
02-06-2025;Canutillar;33.50
03-06-2025;Canutillar;42.00
04-06-2025;Canutillar;0.00
05-06-2025;Canutillar;0.00
06-06-2025;Canutillar;0.00
07-06-2025;Canutillar;0.00
08-06-2025;Canutillar;0.00
09-06-2025;Canutillar;0.00
10-06-2025;Canutillar;0.00
11-06-2025;Canutillar;1.00
12-06-2025;Canutillar;13.50
13-06-2025;Canutillar;6.00
14-06-2025;Canutillar;54.00
15-06-2025;Canutillar;27.50
16-06-2025;Canutillar;11.00
17-06-2025;Canutillar;8.50
18-06-2025;Canutillar;0.00
19-06-2025;Canutillar;31.50
20-06-2025;Canutillar;6.50
21-06-2025;Canutillar;61.50
22-06-2025;Canutillar;2.00
23-06-2025;Canutillar;7.50
24-06-2025;Canutillar;28.50
25-06-2025;Canutillar;22.50
26-06-2025;Canutillar;42.50
27-06-2025;Canutillar;3.50
28-06-2025;Canutillar;0.00
29-06-2025;Canutillar;0.00
30-06-2025;Canutillar;0.00
01-07-2025;Canutillar;0.00
02-07-2025;Canutillar;17.00
03-07-2025;Canutillar;11.00
04-07-2025;Canutillar;2.00
05-07-2025;Canutillar;0.00
06-07-2025;Canutillar;3.00
08-07-2025;Canutillar;1.50
09-07-2025;Canutillar;0.00
10-07-2025;Canutillar;0.00
11-07-2025;Canutillar;0.00
12-07-2025;Canutillar;0.00
13-07-2025;Canutillar;0.00
14-07-2025;Canutillar;4.00
15-07-2025;Canutillar;15.00
16-07-2025;Canutillar;0.00
17-07-2025;Canutillar;0.00
18-07-2025;Canutillar;26.00
19-07-2025;Canutillar;0.00
20-07-2025;Canutillar;0.00
21-07-2025;Canutillar;0.00
22-07-2025;Canutillar;0.00
23-07-2025;Canutillar;0.00
24-07-2025;Canutillar;17.50
25-07-2025;Canutillar;11.00
26-07-2025;Canutillar;0.00
27-07-2025;Canutillar;7.50
28-07-2025;Canutillar;81.00
29-07-2025;Canutillar;89.50
30-07-2025;Canutillar;63.00
31-07-2025;Canutillar;17.00
01-08-2025;Canutillar;23.00
02-08-2025;Canutillar;24.50
03-08-2025;Canutillar;9.00
04-08-2025;Canutillar;7.50
05-08-2025;Canutillar;19.00
06-08-2025;Canutillar;2.00
07-08-2025;Canutillar;0.00
08-08-2025;Canutillar;0.00
09-08-2025;Canutillar;0.00
10-08-2025;Canutillar;66.00
11-08-2025;Canutillar;138.00
12-08-2025;Canutillar;6.00
13-08-2025;Canutillar;0.00
14-08-2025;Canutillar;0.00
15-08-2025;Canutillar;0.00
16-08-2025;Canutillar;1.50
17-08-2025;Canutillar;0.00
18-08-2025;Canutillar;0.00
19-08-2025;Canutillar;23.50
20-08-2025;Canutillar;8.50
21-08-2025;Canutillar;23.00
22-08-2025;Canutillar;13.50
23-08-2025;Canutillar;39.50
24-08-2025;Canutillar;73.00
25-08-2025;Canutillar;4.50
26-08-2025;Canutillar;0.00
27-08-2025;Canutillar;0.00
28-08-2025;Canutillar;0.00
29-08-2025;Canutillar;0.00
30-08-2025;Canutillar;0.00
31-08-2025;Canutillar;3.00
01-09-2025;Canutillar;11.00
02-09-2025;Canutillar;10.00
03-09-2025;Canutillar;17.00
04-09-2025;Canutillar;0.00
05-09-2025;Canutillar;0.00
06-09-2025;Canutillar;0.00
07-09-2025;Canutillar;1.00
08-09-2025;Canutillar;12.00
09-09-2025;Canutillar;29.50
10-09-2025;Canutillar;20.50
11-09-2025;Canutillar;0.00
12-09-2025;Canutillar;12.50
13-09-2025;Canutillar;28.00
14-09-2025;Canutillar;0.00
15-09-2025;Canutillar;0.50
16-09-2025;Canutillar;31.50
17-09-2025;Canutillar;0.50
18-09-2025;Canutillar;42.00
19-09-2025;Canutillar;3.00
20-09-2025;Canutillar;26.50
21-09-2025;Canutillar;5.50
22-09-2025;Canutillar;0.50
23-09-2025;Canutillar;0.00
24-09-2025;Canutillar;0.00
25-09-2025;Canutillar;13.00
26-09-2025;Canutillar;16.50
27-09-2025;Canutillar;2.50
28-09-2025;Canutillar;24.00
29-09-2025;Canutillar;24.50
30-09-2025;Canutillar;1.50
01-10-2025;Canutillar;0.00
02-10-2025;Canutillar;0.00
03-10-2025;Canutillar;50.00
04-10-2025;Canutillar;20.00
05-10-2025;Canutillar;5.00
06-10-2025;Canutillar;41.00
07-10-2025;Canutillar;4.50
08-10-2025;Canutillar;0.00
09-10-2025;Canutillar;58.00
10-10-2025;Canutillar;24.00
11-10-2025;Canutillar;1.00
12-10-2025;Canutillar;1.00
13-10-2025;Canutillar;5.50
14-10-2025;Canutillar;75.00
15-10-2025;Canutillar;22.00
16-10-2025;Canutillar;2.00
17-10-2025;Canutillar;0.00
18-10-2025;Canutillar;0.00
19-10-2025;Canutillar;0.00
20-10-2025;Canutillar;25.00
21-10-2025;Canutillar;0.00
22-10-2025;Canutillar;0.00
23-10-2025;Canutillar;19.00
24-10-2025;Canutillar;9.00
25-10-2025;Canutillar;29.00
26-10-2025;Canutillar;4.00
27-10-2025;Canutillar;0.00
28-10-2025;Canutillar;0.00
29-10-2025;Canutillar;0.00
30-10-2025;Canutillar;4.00
31-10-2025;Canutillar;4.00
01-11-2025;Canutillar;0.00
02-11-2025;Canutillar;0.00
03-11-2025;Canutillar;0.00
04-11-2025;Canutillar;0.00
05-11-2025;Canutillar;0.00
06-11-2025;Canutillar;0.00
07-11-2025;Canutillar;0.00
08-11-2025;Canutillar;0.00
09-11-2025;Canutillar;3.50
10-11-2025;Canutillar;0.50
11-11-2025;Canutillar;11.50
12-11-2025;Canutillar;0.00
13-11-2025;Canutillar;0.00
14-11-2025;Canutillar;0.00
15-11-2025;Canutillar;1.00
16-11-2025;Canutillar;0.00
17-11-2025;Canutillar;13.00
18-11-2025;Canutillar;0.00
19-11-2025;Canutillar;9.00
20-11-2025;Canutillar;11.00
21-11-2025;Canutillar;0.00
22-11-2025;Canutillar;0.00
23-11-2025;Canutillar;0.00
24-11-2025;Canutillar;0.00
25-11-2025;Canutillar;0.00
26-11-2025;Canutillar;0.00
27-11-2025;Canutillar;0.00
28-11-2025;Canutillar;0.00
29-11-2025;Canutillar;13.50
30-11-2025;Canutillar;6.00
01-12-2025;Canutillar;0.00
02-12-2025;Canutillar;18.50
03-12-2025;Canutillar;0.00
04-12-2025;Canutillar;1.00
05-12-2025;Canutillar;0.00
06-12-2025;Canutillar;0.00
07-12-2025;Canutillar;0.00
08-12-2025;Canutillar;0.00
09-12-2025;Canutillar;0.00
10-12-2025;Canutillar;0.00
11-12-2025;Canutillar;2.50
12-12-2025;Canutillar;19.50
13-12-2025;Canutillar;0.00
14-12-2025;Canutillar;20.00
15-12-2025;Canutillar;20.50
16-12-2025;Canutillar;0.00
17-12-2025;Canutillar;4.00
18-12-2025;Canutillar;0.00
19-12-2025;Canutillar;1.50
20-12-2025;Canutillar;40.50
21-12-2025;Canutillar;3.50
22-12-2025;Canutillar;15.00
23-12-2025;Canutillar;0.50
24-12-2025;Canutillar;2.50
25-12-2025;Canutillar;0.00
26-12-2025;Canutillar;12.00
27-12-2025;Canutillar;0.50
28-12-2025;Canutillar;0.00
29-12-2025;Canutillar;0.00
30-12-2025;Canutillar;1.50
31-12-2025;Canutillar;0.00
01-01-2026;Canutillar;0.00
02-01-2026;Canutillar;0.00
03-01-2026;Canutillar;0.00
04-01-2026;Canutillar;0.00
05-01-2026;Canutillar;0.00
06-01-2026;Canutillar;0.00
07-01-2026;Canutillar;0.00
08-01-2026;Canutillar;0.00
09-01-2026;Canutillar;0.00
10-01-2026;Canutillar;0.00
11-01-2026;Canutillar;13.50
12-01-2026;Canutillar;0.50
13-01-2026;Canutillar;0.00
14-01-2026;Canutillar;21.50
15-01-2026;Canutillar;0.50
16-01-2026;Canutillar;1.00
17-01-2026;Canutillar;0.00
18-01-2026;Canutillar;0.00
19-01-2026;Canutillar;0.00
20-01-2026;Canutillar;0.00
21-01-2026;Canutillar;0.00
22-01-2026;Canutillar;0.50
23-01-2026;Canutillar;0.00
24-01-2026;Canutillar;0.00
25-01-2026;Canutillar;0.00
26-01-2026;Canutillar;2.00
27-01-2026;Canutillar;25.50
28-01-2026;Canutillar;6.00
29-01-2026;Canutillar;0.00
30-01-2026;Canutillar;0.00
31-01-2026;Canutillar;0.00
01-02-2026;Canutillar;0.00
02-02-2026;Canutillar;23.00
03-02-2026;Canutillar;21.00
04-02-2026;Canutillar;0.00
05-02-2026;Canutillar;0.00
06-02-2026;Canutillar;0.00
07-02-2026;Canutillar;0.00
08-02-2026;Canutillar;0.00
09-02-2026;Canutillar;3.00
10-02-2026;Canutillar;53.00
11-02-2026;Canutillar;26.00
12-02-2026;Canutillar;2.00
13-02-2026;Canutillar;13.00
14-02-2026;Canutillar;2.00
15-02-2026;Canutillar;0.00
16-02-2026;Canutillar;1.50
17-02-2026;Canutillar;12.50
18-02-2026;Canutillar;0.00
19-02-2026;Canutillar;0.00
20-02-2026;Canutillar;0.00
21-02-2026;Canutillar;0.00
22-02-2026;Canutillar;0.00
23-02-2026;Canutillar;2.50
24-02-2026;Canutillar;0.00
25-02-2026;Canutillar;0.00
26-02-2026;Canutillar;0.00
27-02-2026;Canutillar;15.00
28-02-2026;Canutillar;9.00
01-03-2026;Canutillar;26.00
02-03-2026;Canutillar;9.50
03-03-2026;Canutillar;43.50
04-03-2026;Canutillar;1.00
05-03-2026;Canutillar;0.00
06-03-2026;Canutillar;0.00
07-03-2026;Canutillar;0.00
08-03-2026;Canutillar;0.00
09-03-2026;Canutillar;8.00
10-03-2026;Canutillar;0.00
11-03-2026;Canutillar;8.00
12-03-2026;Canutillar;0.00
13-03-2026;Canutillar;0.00
14-03-2026;Canutillar;81.00
15-03-2026;Canutillar;16.00
16-03-2026;Canutillar;68.00
17-03-2026;Canutillar;6.00
18-03-2026;Canutillar;93.00
19-03-2026;Canutillar;13.50
20-03-2026;Canutillar;5.50
21-03-2026;Canutillar;23.00
22-03-2026;Canutillar;6.00
23-03-2026;Canutillar;51.00
24-03-2026;Canutillar;7.00
25-03-2026;Canutillar;3.50
26-03-2026;Canutillar;0.00
27-03-2026;Canutillar;0.00
28-03-2026;Canutillar;9.00
29-03-2026;Canutillar;10.00
30-03-2026;Canutillar;15.00
31-03-2026;Canutillar;7.00
01-04-2026;Canutillar;0.00
02-04-2026;Canutillar;0.00
03-04-2026;Canutillar;4.50
04-04-2026;Canutillar;0.00
05-04-2026;Canutillar;0.00
06-04-2026;Canutillar;0.00
07-04-2026;Canutillar;0.00
08-04-2026;Canutillar;0.00
09-04-2026;Canutillar;0.00
10-04-2026;Canutillar;0.00
11-04-2026;Canutillar;18.00
12-04-2026;Canutillar;1.50
13-04-2026;Canutillar;0.00
14-04-2026;Canutillar;35.50
15-04-2026;Canutillar;1.00
16-04-2026;Canutillar;18.00
17-04-2026;Canutillar;0.00
18-04-2026;Canutillar;34.50
19-04-2026;Canutillar;0.00
20-04-2026;Canutillar;0.00
21-04-2026;Canutillar;7.00
22-04-2026;Canutillar;8.00
23-04-2026;Canutillar;9.00
24-04-2026;Canutillar;2.50
25-04-2026;Canutillar;30.00
26-04-2026;Canutillar;1.00
27-04-2026;Canutillar;8.00
28-04-2026;Canutillar;73.50
29-04-2026;Canutillar;0.00
30-04-2026;Canutillar;13.00
01-05-2026;Canutillar;4.50
02-05-2026;Canutillar;0.00
03-05-2026;Canutillar;26.50
04-05-2026;Canutillar;22.50
05-05-2026;Canutillar;48.50
06-05-2026;Canutillar;16.00
07-05-2026;Canutillar;5.00
08-05-2026;Canutillar;1.00
09-05-2026;Canutillar;0.00
10-05-2026;Canutillar;0.00
11-05-2026;Canutillar;0.00
12-05-2026;Canutillar;0.50
13-05-2026;Canutillar;0.00
14-05-2026;Canutillar;0.00
15-05-2026;Canutillar;0.00
16-05-2026;Canutillar;0.00
17-05-2026;Canutillar;0.00
18-05-2026;Canutillar;0.00
19-05-2026;Canutillar;0.00
20-05-2026;Canutillar;0.00
21-05-2026;Canutillar;0.00
22-05-2026;Canutillar;0.00
23-05-2026;Canutillar;0.00
24-05-2026;Canutillar;1.00
25-05-2026;Canutillar;0.00
26-05-2026;Canutillar;0.00
27-05-2026;Canutillar;3.50
28-05-2026;Canutillar;25.50
29-05-2026;Canutillar;0.50
30-05-2026;Canutillar;0.00
31-05-2026;Canutillar;0.00
01-06-2026;Canutillar;0.00
02-06-2026;Canutillar;33.00
03-06-2026;Canutillar;2.50
04-06-2026;Canutillar;0.00
05-06-2026;Canutillar;0.00
06-06-2026;Canutillar;0.00
07-06-2026;Canutillar;0.00
08-06-2026;Canutillar;0.00
09-06-2026;Canutillar;34.00
10-06-2026;Canutillar;9.50
11-06-2026;Canutillar;100.50
12-06-2026;Canutillar;7.50
13-06-2026;Canutillar;0.00
14-06-2026;Canutillar;0.00
15-06-2026;Canutillar;0.00
16-06-2026;Canutillar;0.00
17-06-2026;Canutillar;0.00
18-06-2026;Canutillar;3.50
19-06-2026;Canutillar;23.00
20-06-2026;Canutillar;29.50
21-06-2026;Canutillar;19.00
22-06-2026;Canutillar;2.00
23-06-2026;Canutillar;3.50
24-06-2026;Canutillar;14.50
25-06-2026;Canutillar;14.00
26-06-2026;Canutillar;5.50
27-06-2026;Canutillar;10.00
28-06-2026;Canutillar;7.00
29-06-2026;Canutillar;0.50
30-06-2026;Canutillar;12.50
01-07-2026;Canutillar;0.00
02-07-2026;Canutillar;0.00
03-07-2026;Canutillar;0.00
04-07-2026;Canutillar;0.00
05-07-2026;Canutillar;0.00
06-07-2026;Canutillar;4.00
07-07-2026;Canutillar;121.50
08-07-2026;Canutillar;49.00
09-07-2026;Canutillar;4.00
10-07-2026;Canutillar;0.00
11-07-2026;Canutillar;0.00
12-07-2026;Canutillar;2.00
13-07-2026;Canutillar;38.00
14-07-2026;Canutillar;33.00
15-07-2026;Canutillar;18.50
16-07-2026;Canutillar;51.00
17-07-2026;Canutillar;12.50
18-07-2026;Canutillar;1.00
19-07-2026;Canutillar;0.00
20-07-2026;Canutillar;0.00
21-07-2026;Canutillar;0.00
22-07-2026;Canutillar;21.50
23-07-2026;Canutillar;27.00
24-07-2026;Canutillar;17.00
25-07-2026;Canutillar;20.50