Experimento,Arq,Barra,h,MAE,MASE,Horizonte_h,MAE_modelo,MAE_persistencia24,skill
h24_original,LN,ATACAMA,1.0,9.92,0.803,,,,
h24_original,LN,ATACAMA,2.0,11.39,0.922,,,,
h24_original,LN,ATACAMA,3.0,12.2,0.987,,,,
h24_original,LN,ATACAMA,4.0,12.58,1.018,,,,
h24_original,LN,ATACAMA,5.0,12.88,1.043,,,,
h24_original,LN,ATACAMA,6.0,13.07,1.058,,,,
h24_original,LN,ATACAMA,7.0,13.2,1.068,,,,
h24_original,LN,ATACAMA,8.0,13.31,1.078,,,,
h24_original,LN,ATACAMA,9.0,13.47,1.09,,,,
h24_original,LN,ATACAMA,10.0,13.59,1.1,,,,
h24_original,LN,ATACAMA,11.0,13.67,1.107,,,,
h24_original,LN,ATACAMA,12.0,13.76,1.114,,,,
h24_original,LN,ATACAMA,13.0,13.81,1.118,,,,
h24_original,LN,ATACAMA,14.0,13.91,1.126,,,,
h24_original,LN,ATACAMA,15.0,14.03,1.136,,,,
h24_original,LN,ATACAMA,16.0,14.11,1.143,,,,
h24_original,LN,ATACAMA,17.0,14.19,1.149,,,,
h24_original,LN,ATACAMA,18.0,14.29,1.157,,,,
h24_original,LN,ATACAMA,19.0,14.42,1.167,,,,
h24_original,LN,ATACAMA,20.0,14.53,1.176,,,,
h24_original,LN,ATACAMA,21.0,14.66,1.187,,,,
h24_original,LN,ATACAMA,22.0,14.7,1.19,,,,
h24_original,LN,ATACAMA,23.0,14.67,1.188,,,,
h24_original,LN,ATACAMA,24.0,14.64,1.185,,,,
h24_original,LN,CHARRUA,1.0,13.71,0.717,,,,
h24_original,LN,CHARRUA,2.0,15.27,0.798,,,,
h24_original,LN,CHARRUA,3.0,16.23,0.848,,,,
h24_original,LN,CHARRUA,4.0,16.9,0.883,,,,
h24_original,LN,CHARRUA,5.0,17.3,0.904,,,,
h24_original,LN,CHARRUA,6.0,17.57,0.918,,,,
h24_original,LN,CHARRUA,7.0,17.82,0.931,,,,
h24_original,LN,CHARRUA,8.0,18.03,0.942,,,,
h24_original,LN,CHARRUA,9.0,18.22,0.952,,,,
h24_original,LN,CHARRUA,10.0,18.4,0.962,,,,
h24_original,LN,CHARRUA,11.0,18.61,0.973,,,,
h24_original,LN,CHARRUA,12.0,18.76,0.98,,,,
h24_original,LN,CHARRUA,13.0,18.92,0.989,,,,
h24_original,LN,CHARRUA,14.0,19.12,0.999,,,,
h24_original,LN,CHARRUA,15.0,19.23,1.005,,,,
h24_original,LN,CHARRUA,16.0,19.34,1.011,,,,
h24_original,LN,CHARRUA,17.0,19.42,1.015,,,,
h24_original,LN,CHARRUA,18.0,19.49,1.019,,,,
h24_original,LN,CHARRUA,19.0,19.57,1.023,,,,
h24_original,LN,CHARRUA,20.0,19.7,1.03,,,,
h24_original,LN,CHARRUA,21.0,19.84,1.037,,,,
h24_original,LN,CHARRUA,22.0,20.0,1.045,,,,
h24_original,LN,CHARRUA,23.0,20.14,1.052,,,,
h24_original,LN,CHARRUA,24.0,20.26,1.059,,,,
h24_original,LN,P.MONTT,1.0,22.47,0.602,,,,
h24_original,LN,P.MONTT,2.0,29.67,0.795,,,,
h24_original,LN,P.MONTT,3.0,33.5,0.898,,,,
h24_original,LN,P.MONTT,4.0,35.97,0.964,,,,
h24_original,LN,P.MONTT,5.0,37.58,1.007,,,,
h24_original,LN,P.MONTT,6.0,38.8,1.039,,,,
h24_original,LN,P.MONTT,7.0,39.63,1.062,,,,
h24_original,LN,P.MONTT,8.0,40.16,1.076,,,,
h24_original,LN,P.MONTT,9.0,40.42,1.083,,,,
h24_original,LN,P.MONTT,10.0,40.65,1.089,,,,
h24_original,LN,P.MONTT,11.0,40.86,1.095,,,,
h24_original,LN,P.MONTT,12.0,40.85,1.094,,,,
h24_original,LN,P.MONTT,13.0,40.65,1.089,,,,
h24_original,LN,P.MONTT,14.0,40.5,1.085,,,,
h24_original,LN,P.MONTT,15.0,40.49,1.085,,,,
h24_original,LN,P.MONTT,16.0,40.67,1.09,,,,
h24_original,LN,P.MONTT,17.0,41.01,1.099,,,,
h24_original,LN,P.MONTT,18.0,41.16,1.103,,,,
h24_original,LN,P.MONTT,19.0,41.13,1.102,,,,
h24_original,LN,P.MONTT,20.0,41.17,1.103,,,,
h24_original,LN,P.MONTT,21.0,41.26,1.105,,,,
h24_original,LN,P.MONTT,22.0,41.42,1.11,,,,
h24_original,LN,P.MONTT,23.0,41.5,1.112,,,,
h24_original,LN,P.MONTT,24.0,41.73,1.118,,,,
h24_original,LN,P.AZUCAR,1.0,9.82,0.746,,,,
h24_original,LN,P.AZUCAR,2.0,11.02,0.837,,,,
h24_original,LN,P.AZUCAR,3.0,11.77,0.894,,,,
h24_original,LN,P.AZUCAR,4.0,12.29,0.934,,,,
h24_original,LN,P.AZUCAR,5.0,12.7,0.965,,,,
h24_original,LN,P.AZUCAR,6.0,13.02,0.99,,,,
h24_original,LN,P.AZUCAR,7.0,13.27,1.009,,,,
h24_original,LN,P.AZUCAR,8.0,13.46,1.023,,,,
h24_original,LN,P.AZUCAR,9.0,13.59,1.033,,,,
h24_original,LN,P.AZUCAR,10.0,13.71,1.042,,,,
h24_original,LN,P.AZUCAR,11.0,13.87,1.054,,,,
h24_original,LN,P.AZUCAR,12.0,13.98,1.063,,,,
h24_original,LN,P.AZUCAR,13.0,14.09,1.071,,,,
h24_original,LN,P.AZUCAR,14.0,14.24,1.082,,,,
h24_original,LN,P.AZUCAR,15.0,14.37,1.092,,,,
h24_original,LN,P.AZUCAR,16.0,14.49,1.101,,,,
h24_original,LN,P.AZUCAR,17.0,14.56,1.107,,,,
h24_original,LN,P.AZUCAR,18.0,14.58,1.108,,,,
h24_original,LN,P.AZUCAR,19.0,14.64,1.112,,,,
h24_original,LN,P.AZUCAR,20.0,14.67,1.115,,,,
h24_original,LN,P.AZUCAR,21.0,14.72,1.119,,,,
h24_original,LN,P.AZUCAR,22.0,14.76,1.121,,,,
h24_original,LN,P.AZUCAR,23.0,14.82,1.126,,,,
h24_original,LN,P.AZUCAR,24.0,14.87,1.13,,,,
h24_original,LN,TARAPACA,1.0,10.83,0.828,,,,
h24_original,LN,TARAPACA,2.0,11.8,0.902,,,,
h24_original,LN,TARAPACA,3.0,12.23,0.935,,,,
h24_original,LN,TARAPACA,4.0,12.52,0.957,,,,
h24_original,LN,TARAPACA,5.0,12.69,0.97,,,,
h24_original,LN,TARAPACA,6.0,12.85,0.982,,,,
h24_original,LN,TARAPACA,7.0,12.96,0.99,,,,
h24_original,LN,TARAPACA,8.0,13.02,0.995,,,,
h24_original,LN,TARAPACA,9.0,13.09,1.0,,,,
h24_original,LN,TARAPACA,10.0,13.15,1.005,,,,
h24_original,LN,TARAPACA,11.0,13.2,1.009,,,,
h24_original,LN,TARAPACA,12.0,13.22,1.011,,,,
h24_original,LN,TARAPACA,13.0,13.23,1.012,,,,
h24_original,LN,TARAPACA,14.0,13.23,1.011,,,,
h24_original,LN,TARAPACA,15.0,13.21,1.01,,,,
h24_original,LN,TARAPACA,16.0,13.19,1.008,,,,
h24_original,LN,TARAPACA,17.0,13.17,1.006,,,,
h24_original,LN,TARAPACA,18.0,13.13,1.004,,,,
h24_original,LN,TARAPACA,19.0,13.05,0.998,,,,
h24_original,LN,TARAPACA,20.0,13.0,0.993,,,,
h24_original,LN,TARAPACA,21.0,12.98,0.992,,,,
h24_original,LN,TARAPACA,22.0,12.95,0.99,,,,
h24_original,LN,TARAPACA,23.0,12.99,0.993,,,,
h24_original,LN,TARAPACA,24.0,13.02,0.996,,,,
h24_original,DyT,ATACAMA,1.0,10.18,0.824,,,,
h24_original,DyT,ATACAMA,2.0,11.63,0.941,,,,
h24_original,DyT,ATACAMA,3.0,12.24,0.991,,,,
h24_original,DyT,ATACAMA,4.0,12.53,1.014,,,,
h24_original,DyT,ATACAMA,5.0,12.64,1.024,,,,
h24_original,DyT,ATACAMA,6.0,12.66,1.025,,,,
h24_original,DyT,ATACAMA,7.0,12.71,1.029,,,,
h24_original,DyT,ATACAMA,8.0,12.75,1.032,,,,
h24_original,DyT,ATACAMA,9.0,12.77,1.034,,,,
h24_original,DyT,ATACAMA,10.0,12.78,1.035,,,,
h24_original,DyT,ATACAMA,11.0,12.85,1.04,,,,
h24_original,DyT,ATACAMA,12.0,12.88,1.043,,,,
h24_original,DyT,ATACAMA,13.0,12.91,1.045,,,,
h24_original,DyT,ATACAMA,14.0,12.91,1.045,,,,
h24_original,DyT,ATACAMA,15.0,12.89,1.044,,,,
h24_original,DyT,ATACAMA,16.0,12.89,1.044,,,,
h24_original,DyT,ATACAMA,17.0,12.93,1.047,,,,
h24_original,DyT,ATACAMA,18.0,12.98,1.051,,,,
h24_original,DyT,ATACAMA,19.0,13.0,1.053,,,,
h24_original,DyT,ATACAMA,20.0,13.01,1.053,,,,
h24_original,DyT,ATACAMA,21.0,13.02,1.054,,,,
h24_original,DyT,ATACAMA,22.0,13.09,1.06,,,,
h24_original,DyT,ATACAMA,23.0,13.15,1.065,,,,
h24_original,DyT,ATACAMA,24.0,13.23,1.071,,,,
h24_original,DyT,CHARRUA,1.0,13.15,0.687,,,,
h24_original,DyT,CHARRUA,2.0,15.73,0.822,,,,
h24_original,DyT,CHARRUA,3.0,17.13,0.895,,,,
h24_original,DyT,CHARRUA,4.0,18.02,0.942,,,,
h24_original,DyT,CHARRUA,5.0,18.48,0.966,,,,
h24_original,DyT,CHARRUA,6.0,18.87,0.986,,,,
h24_original,DyT,CHARRUA,7.0,19.17,1.002,,,,
h24_original,DyT,CHARRUA,8.0,19.4,1.014,,,,
h24_original,DyT,CHARRUA,9.0,19.53,1.021,,,,
h24_original,DyT,CHARRUA,10.0,19.58,1.023,,,,
h24_original,DyT,CHARRUA,11.0,19.54,1.021,,,,
h24_original,DyT,CHARRUA,12.0,19.52,1.02,,,,
h24_original,DyT,CHARRUA,13.0,19.44,1.016,,,,
h24_original,DyT,CHARRUA,14.0,19.35,1.011,,,,
h24_original,DyT,CHARRUA,15.0,19.32,1.01,,,,
h24_original,DyT,CHARRUA,16.0,19.29,1.008,,,,
h24_original,DyT,CHARRUA,17.0,19.27,1.007,,,,
h24_original,DyT,CHARRUA,18.0,19.29,1.008,,,,
h24_original,DyT,CHARRUA,19.0,19.25,1.006,,,,
h24_original,DyT,CHARRUA,20.0,19.26,1.007,,,,
h24_original,DyT,CHARRUA,21.0,19.27,1.007,,,,
h24_original,DyT,CHARRUA,22.0,19.26,1.006,,,,
h24_original,DyT,CHARRUA,23.0,19.24,1.005,,,,
h24_original,DyT,CHARRUA,24.0,19.25,1.006,,,,
h24_original,DyT,P.MONTT,1.0,23.08,0.618,,,,
h24_original,DyT,P.MONTT,2.0,29.89,0.801,,,,
h24_original,DyT,P.MONTT,3.0,34.09,0.913,,,,
h24_original,DyT,P.MONTT,4.0,37.08,0.993,,,,
h24_original,DyT,P.MONTT,5.0,39.12,1.048,,,,
h24_original,DyT,P.MONTT,6.0,40.7,1.09,,,,
h24_original,DyT,P.MONTT,7.0,41.55,1.113,,,,
h24_original,DyT,P.MONTT,8.0,41.98,1.125,,,,
h24_original,DyT,P.MONTT,9.0,42.25,1.132,,,,
h24_original,DyT,P.MONTT,10.0,42.21,1.131,,,,
h24_original,DyT,P.MONTT,11.0,42.03,1.126,,,,
h24_original,DyT,P.MONTT,12.0,42.0,1.125,,,,
h24_original,DyT,P.MONTT,13.0,41.94,1.124,,,,
h24_original,DyT,P.MONTT,14.0,41.97,1.124,,,,
h24_original,DyT,P.MONTT,15.0,42.1,1.128,,,,
h24_original,DyT,P.MONTT,16.0,42.07,1.127,,,,
h24_original,DyT,P.MONTT,17.0,42.11,1.128,,,,
h24_original,DyT,P.MONTT,18.0,42.03,1.126,,,,
h24_original,DyT,P.MONTT,19.0,42.17,1.13,,,,
h24_original,DyT,P.MONTT,20.0,42.3,1.133,,,,
h24_original,DyT,P.MONTT,21.0,42.37,1.135,,,,
h24_original,DyT,P.MONTT,22.0,42.28,1.133,,,,
h24_original,DyT,P.MONTT,23.0,42.28,1.133,,,,
h24_original,DyT,P.MONTT,24.0,42.22,1.131,,,,
h24_original,DyT,P.AZUCAR,1.0,10.16,0.772,,,,
h24_original,DyT,P.AZUCAR,2.0,11.96,0.909,,,,
h24_original,DyT,P.AZUCAR,3.0,12.77,0.97,,,,
h24_original,DyT,P.AZUCAR,4.0,13.31,1.011,,,,
h24_original,DyT,P.AZUCAR,5.0,13.61,1.034,,,,
h24_original,DyT,P.AZUCAR,6.0,13.77,1.046,,,,
h24_original,DyT,P.AZUCAR,7.0,13.88,1.055,,,,
h24_original,DyT,P.AZUCAR,8.0,13.96,1.06,,,,
h24_original,DyT,P.AZUCAR,9.0,13.95,1.06,,,,
h24_original,DyT,P.AZUCAR,10.0,13.91,1.057,,,,
h24_original,DyT,P.AZUCAR,11.0,13.83,1.051,,,,
h24_original,DyT,P.AZUCAR,12.0,13.79,1.048,,,,
h24_original,DyT,P.AZUCAR,13.0,13.82,1.05,,,,
h24_original,DyT,P.AZUCAR,14.0,13.88,1.055,,,,
h24_original,DyT,P.AZUCAR,15.0,13.96,1.061,,,,
h24_original,DyT,P.AZUCAR,16.0,13.99,1.063,,,,
h24_original,DyT,P.AZUCAR,17.0,14.01,1.065,,,,
h24_original,DyT,P.AZUCAR,18.0,14.06,1.069,,,,
h24_original,DyT,P.AZUCAR,19.0,14.07,1.069,,,,
h24_original,DyT,P.AZUCAR,20.0,14.09,1.071,,,,
h24_original,DyT,P.AZUCAR,21.0,14.15,1.075,,,,
h24_original,DyT,P.AZUCAR,22.0,14.22,1.08,,,,
h24_original,DyT,P.AZUCAR,23.0,14.36,1.091,,,,
h24_original,DyT,P.AZUCAR,24.0,14.6,1.109,,,,
h24_original,DyT,TARAPACA,1.0,11.38,0.87,,,,
h24_original,DyT,TARAPACA,2.0,12.28,0.938,,,,
h24_original,DyT,TARAPACA,3.0,12.94,0.989,,,,
h24_original,DyT,TARAPACA,4.0,13.38,1.023,,,,
h24_original,DyT,TARAPACA,5.0,13.6,1.039,,,,
h24_original,DyT,TARAPACA,6.0,13.76,1.052,,,,
h24_original,DyT,TARAPACA,7.0,13.87,1.06,,,,
h24_original,DyT,TARAPACA,8.0,13.95,1.067,,,,
h24_original,DyT,TARAPACA,9.0,13.98,1.069,,,,
h24_original,DyT,TARAPACA,10.0,14.01,1.071,,,,
h24_original,DyT,TARAPACA,11.0,14.01,1.07,,,,
h24_original,DyT,TARAPACA,12.0,14.02,1.071,,,,
h24_original,DyT,TARAPACA,13.0,14.07,1.075,,,,
h24_original,DyT,TARAPACA,14.0,14.15,1.081,,,,
h24_original,DyT,TARAPACA,15.0,14.18,1.084,,,,
h24_original,DyT,TARAPACA,16.0,14.19,1.084,,,,
h24_original,DyT,TARAPACA,17.0,14.2,1.085,,,,
h24_original,DyT,TARAPACA,18.0,14.19,1.084,,,,
h24_original,DyT,TARAPACA,19.0,14.12,1.08,,,,
h24_original,DyT,TARAPACA,20.0,14.08,1.076,,,,
h24_original,DyT,TARAPACA,21.0,14.08,1.076,,,,
h24_original,DyT,TARAPACA,22.0,14.1,1.078,,,,
h24_original,DyT,TARAPACA,23.0,14.12,1.079,,,,
h24_original,DyT,TARAPACA,24.0,14.18,1.084,,,,
piloto_sin_outliers_h24,LN,ATACAMA,,,0.7942217151019839,1.0,9.810251893020302,12.352031814895156,0.205778284898016
piloto_sin_outliers_h24,LN,ATACAMA,,,0.8551735042915467,2.0,10.563130332264564,12.352031814895156,0.1448264957084533
piloto_sin_outliers_h24,LN,ATACAMA,,,0.8891225045035269,3.0,10.982469462966826,12.352031814895156,0.110877495496473
piloto_sin_outliers_h24,LN,ATACAMA,,,0.9059599055052168,4.0,11.190445575819846,12.352031814895156,0.0940400944947833
piloto_sin_outliers_h24,LN,ATACAMA,,,0.917596247440839,5.0,11.334178041617651,12.352031814895156,0.0824037525591609
piloto_sin_outliers_h24,LN,ATACAMA,,,0.9276218020209582,6.0,11.458014010753253,12.352031814895156,0.0723781979790417
piloto_sin_outliers_h24,LN,ATACAMA,,,0.9326015531467492,7.0,11.51952405508928,12.352031814895156,0.0673984468532508
piloto_sin_outliers_h24,LN,ATACAMA,,,0.9370522500035382,8.0,11.574499204262793,12.352031814895156,0.0629477499964618
piloto_sin_outliers_h24,LN,ATACAMA,,,0.9398120393530784,9.0,11.608588210110725,12.352031814895156,0.0601879606469215
piloto_sin_outliers_h24,LN,ATACAMA,,,0.9435551738433868,10.0,11.654823526422442,12.352031814895156,0.0564448261566132
piloto_sin_outliers_h24,LN,ATACAMA,,,0.946889721702916,11.0,11.69601196767164,12.352031814895156,0.0531102782970839
piloto_sin_outliers_h24,LN,ATACAMA,,,0.949961746242337,12.0,11.733957712518706,12.352031814895156,0.050038253757663
piloto_sin_outliers_h24,LN,ATACAMA,,,0.951127273443255,13.0,11.74835434158557,12.352031814895156,0.048872726556745
piloto_sin_outliers_h24,LN,ATACAMA,,,0.9507550573717026,14.0,11.74375671682774,12.352031814895156,0.0492449426282973
piloto_sin_outliers_h24,LN,ATACAMA,,,0.9528789669885828,15.0,11.769991315987404,12.352031814895156,0.0471210330114173
piloto_sin_outliers_h24,LN,ATACAMA,,,0.9547496200558432,16.0,11.793097682188838,12.352031814895156,0.0452503799441567
piloto_sin_outliers_h24,LN,ATACAMA,,,0.9524214304765004,17.0,11.76433981043369,12.352031814895156,0.0475785695234994
piloto_sin_outliers_h24,LN,ATACAMA,,,0.9538508158048994,18.0,11.781995623485816,12.352031814895156,0.0461491841951006
piloto_sin_outliers_h24,LN,ATACAMA,,,0.958774255457746,19.0,11.842810106716492,12.352031814895156,0.041225744542254
piloto_sin_outliers_h24,LN,ATACAMA,,,0.9624973745812916,20.0,11.888798192581172,12.352031814895156,0.0375026254187085
piloto_sin_outliers_h24,LN,ATACAMA,,,0.9644254835489874,21.0,11.912614255892738,12.352031814895156,0.0355745164510126
piloto_sin_outliers_h24,LN,ATACAMA,,,0.9707759979252918,22.0,11.991056011509798,12.352031814895156,0.0292240020747082
piloto_sin_outliers_h24,LN,ATACAMA,,,0.9835109142953914,23.0,12.148358103673296,12.352031814895156,0.0164890857046086
piloto_sin_outliers_h24,LN,ATACAMA,,,0.9997777902849642,24.0,12.349287073425456,12.352031814895156,0.0002222097150358
piloto_sin_outliers_h24,LN,CHARRUA,,,0.7497799893630563,1.0,14.347908424456511,19.136158110388045,0.2502200106369436
piloto_sin_outliers_h24,LN,CHARRUA,,,0.839963854068449,2.0,16.07368111846475,19.136158110388045,0.160036145931551
piloto_sin_outliers_h24,LN,CHARRUA,,,0.9061284822916102,3.0,17.339817905458208,19.136158110388045,0.0938715177083897
piloto_sin_outliers_h24,LN,CHARRUA,,,0.9554591078702646,4.0,18.28381655621569,19.136158110388045,0.0445408921297354
piloto_sin_outliers_h24,LN,CHARRUA,,,0.9886456369120944,5.0,18.91887922309513,19.136158110388045,0.0113543630879054
piloto_sin_outliers_h24,LN,CHARRUA,,,1.0085643020143669,6.0,19.300045947840083,19.136158110388045,-0.0085643020143668
piloto_sin_outliers_h24,LN,CHARRUA,,,1.023411315105737,7.0,19.584160737823535,19.136158110388045,-0.0234113151057366
piloto_sin_outliers_h24,LN,CHARRUA,,,1.038787220698614,8.0,19.87839649833924,19.136158110388045,-0.0387872206986139
piloto_sin_outliers_h24,LN,CHARRUA,,,1.0514375731916856,9.0,20.1204756437988,19.136158110388045,-0.0514375731916856
piloto_sin_outliers_h24,LN,CHARRUA,,,1.061185072751505,10.0,20.307005336556443,19.136158110388045,-0.061185072751505
piloto_sin_outliers_h24,LN,CHARRUA,,,1.0696211860986768,11.0,20.468440135405075,19.136158110388045,-0.0696211860986768
piloto_sin_outliers_h24,LN,CHARRUA,,,1.0759221755527224,12.0,20.58901686584958,19.136158110388045,-0.0759221755527224
piloto_sin_outliers_h24,LN,CHARRUA,,,1.0820891253646951,13.0,20.70702859251032,19.136158110388045,-0.0820891253646951
piloto_sin_outliers_h24,LN,CHARRUA,,,1.0855758957710118,14.0,20.77375198230021,19.136158110388045,-0.0855758957710117
piloto_sin_outliers_h24,LN,CHARRUA,,,1.086844922725943,15.0,20.79803628275612,19.136158110388045,-0.0868449227259429
piloto_sin_outliers_h24,LN,CHARRUA,,,1.084392644072332,16.0,20.751109090709893,19.136158110388045,-0.0843926440723319
piloto_sin_outliers_h24,LN,CHARRUA,,,1.0803879684771254,17.0,20.67447498533921,19.136158110388045,-0.0803879684771253
piloto_sin_outliers_h24,LN,CHARRUA,,,1.0785651726559644,18.0,20.639593676302518,19.136158110388045,-0.0785651726559644
piloto_sin_outliers_h24,LN,CHARRUA,,,1.0761733458508482,19.0,20.593823300387147,19.136158110388045,-0.0761733458508482
piloto_sin_outliers_h24,LN,CHARRUA,,,1.0730368358817055,20.0,20.533802549702827,19.136158110388045,-0.0730368358817055
piloto_sin_outliers_h24,LN,CHARRUA,,,1.0706573809744593,21.0,20.488268924381224,19.136158110388045,-0.0706573809744592
piloto_sin_outliers_h24,LN,CHARRUA,,,1.0672132057131078,22.0,20.422360642020116,19.136158110388045,-0.0672132057131078
piloto_sin_outliers_h24,LN,CHARRUA,,,1.0690690992131353,23.0,20.45787531347268,19.136158110388045,-0.0690690992131353
piloto_sin_outliers_h24,LN,CHARRUA,,,1.0699808407173177,24.0,20.475322543052517,19.136158110388045,-0.0699808407173174
piloto_sin_outliers_h24,LN,P.AZUCAR,,,0.8529907744089388,1.0,11.225012172938944,13.159593878042902,0.1470092255910612
piloto_sin_outliers_h24,LN,P.AZUCAR,,,0.9028454716718912,2.0,11.881079741832174,13.159593878042902,0.0971545283281088
piloto_sin_outliers_h24,LN,P.AZUCAR,,,0.9504321865242734,3.0,12.507301583279755,13.159593878042902,0.0495678134757265
piloto_sin_outliers_h24,LN,P.AZUCAR,,,0.9826301487859842,4.0,12.931013690344423,13.159593878042902,0.0173698512140157
piloto_sin_outliers_h24,LN,P.AZUCAR,,,1.005176706437117,5.0,13.227717232381211,13.159593878042902,-0.005176706437117
piloto_sin_outliers_h24,LN,P.AZUCAR,,,1.027945876203124,6.0,13.527350259442075,13.159593878042902,-0.0279458762031239
piloto_sin_outliers_h24,LN,P.AZUCAR,,,1.0467117425769463,7.0,13.774301439691204,13.159593878042902,-0.0467117425769465
piloto_sin_outliers_h24,LN,P.AZUCAR,,,1.0653769078900053,8.0,14.01992743487759,13.159593878042902,-0.0653769078900052
piloto_sin_outliers_h24,LN,P.AZUCAR,,,1.0799037973944974,9.0,14.21109540106791,13.159593878042902,-0.0799037973944973
piloto_sin_outliers_h24,LN,P.AZUCAR,,,1.0864968450512351,10.0,14.297857230649164,13.159593878042902,-0.0864968450512353
piloto_sin_outliers_h24,LN,P.AZUCAR,,,1.095432872172474,11.0,14.41545171844784,13.159593878042902,-0.0954328721724739
piloto_sin_outliers_h24,LN,P.AZUCAR,,,1.1006317549058608,12.0,14.48386690383878,13.159593878042902,-0.1006317549058608
piloto_sin_outliers_h24,LN,P.AZUCAR,,,1.1095921568400886,13.0,14.601782154277249,13.159593878042902,-0.1095921568400886
piloto_sin_outliers_h24,LN,P.AZUCAR,,,1.1159010961110958,14.0,14.68480523288494,13.159593878042902,-0.1159010961110957
piloto_sin_outliers_h24,LN,P.AZUCAR,,,1.1198681285194791,15.0,14.7370097682803,13.159593878042902,-0.1198681285194791
piloto_sin_outliers_h24,LN,P.AZUCAR,,,1.1252741941848317,16.0,14.80815139691437,13.159593878042902,-0.1252741941848316
piloto_sin_outliers_h24,LN,P.AZUCAR,,,1.130978282338751,17.0,14.883214880464504,13.159593878042902,-0.130978282338751
piloto_sin_outliers_h24,LN,P.AZUCAR,,,1.1310824825776582,18.0,14.88458611329052,13.159593878042902,-0.1310824825776582
piloto_sin_outliers_h24,LN,P.AZUCAR,,,1.1303289014302005,19.0,14.874669291435824,13.159593878042902,-0.1303289014302004
piloto_sin_outliers_h24,LN,P.AZUCAR,,,1.129673940268182,20.0,14.866050268537771,13.159593878042902,-0.1296739402681821
piloto_sin_outliers_h24,LN,P.AZUCAR,,,1.1349121071733408,21.0,14.934982417675064,13.159593878042902,-0.1349121071733408
piloto_sin_outliers_h24,LN,P.AZUCAR,,,1.1453828297719757,22.0,15.072772874682745,13.159593878042902,-0.1453828297719754
piloto_sin_outliers_h24,LN,P.AZUCAR,,,1.1597056570303497,23.0,15.261255464588311,13.159593878042902,-0.1597056570303496
piloto_sin_outliers_h24,LN,P.AZUCAR,,,1.1709279676445254,24.0,15.408936514644113,13.159593878042902,-0.1709279676445254
piloto_sin_outliers_h24,LN,TARAPACA,,,0.875038807613367,1.0,11.44825462225461,13.083139310677272,0.1249611923866329
piloto_sin_outliers_h24,LN,TARAPACA,,,0.9495496131882044,2.0,12.423089871740997,13.083139310677272,0.0504503868117955
piloto_sin_outliers_h24,LN,TARAPACA,,,0.9879611072000009,3.0,12.925632799028577,13.083139310677272,0.0120388927999991
piloto_sin_outliers_h24,LN,TARAPACA,,,1.0150575077663602,4.0,13.280138782456168,13.083139310677272,-0.0150575077663601
piloto_sin_outliers_h24,LN,TARAPACA,,,1.0342436344014174,5.0,13.531153550054915,13.083139310677272,-0.0342436344014174
piloto_sin_outliers_h24,LN,TARAPACA,,,1.0476497239463147,6.0,13.706547287182223,13.083139310677272,-0.0476497239463147
piloto_sin_outliers_h24,LN,TARAPACA,,,1.0561156498571742,7.0,13.817308175267872,13.083139310677272,-0.0561156498571742
piloto_sin_outliers_h24,LN,TARAPACA,,,1.0612062109161031,8.0,13.883908694771348,13.083139310677272,-0.0612062109161031
piloto_sin_outliers_h24,LN,TARAPACA,,,1.0629573854864445,9.0,13.906819555632437,13.083139310677272,-0.0629573854864442
piloto_sin_outliers_h24,LN,TARAPACA,,,1.066878306491638,10.0,13.958117511369544,13.083139310677272,-0.066878306491638
piloto_sin_outliers_h24,LN,TARAPACA,,,1.074683187377727,11.0,14.060229855305488,13.083139310677272,-0.0746831873777269
piloto_sin_outliers_h24,LN,TARAPACA,,,1.0796707405192345,12.0,14.12548270787524,13.083139310677272,-0.0796707405192345
piloto_sin_outliers_h24,LN,TARAPACA,,,1.0847638133159152,13.0,14.192116088793634,13.083139310677272,-0.0847638133159152
piloto_sin_outliers_h24,LN,TARAPACA,,,1.0892404425984643,14.0,14.250684453339485,13.083139310677272,-0.0892404425984645
piloto_sin_outliers_h24,LN,TARAPACA,,,1.092366735276023,15.0,14.291586175965929,13.083139310677272,-0.0923667352760229
piloto_sin_outliers_h24,LN,TARAPACA,,,1.095534925150191,16.0,14.333036045452348,13.083139310677272,-0.0955349251501909
piloto_sin_outliers_h24,LN,TARAPACA,,,1.0963717720771669,17.0,14.343984630379683,13.083139310677272,-0.0963717720771668
piloto_sin_outliers_h24,LN,TARAPACA,,,1.0964334653898844,18.0,14.344791772584507,13.083139310677272,-0.0964334653898844
piloto_sin_outliers_h24,LN,TARAPACA,,,1.095892489528775,19.0,14.337714110029896,13.083139310677272,-0.0958924895287749
piloto_sin_outliers_h24,LN,TARAPACA,,,1.0974450113781604,20.0,14.358025969668278,13.083139310677272,-0.0974450113781604
piloto_sin_outliers_h24,LN,TARAPACA,,,1.1006328252789073,21.0,14.399732583028262,13.083139310677272,-0.1006328252789072
piloto_sin_outliers_h24,LN,TARAPACA,,,1.1055909827278876,22.0,14.464600847657543,13.083139310677272,-0.1055909827278875
piloto_sin_outliers_h24,LN,TARAPACA,,,1.1094979876243665,23.0,14.515716737005675,13.083139310677272,-0.1094979876243664
piloto_sin_outliers_h24,LN,TARAPACA,,,1.114622271545036,24.0,14.58275845740726,13.083139310677272,-0.114622271545036
